,Ticker,Name,Weight (%)
0,CRDO,CREDO TECHNOLOGY GROUP HOLDING LTD,0.54
1,FN,FABRINET,0.42
2,HIMS,HIMS HERS HEALTH INC CLASS A,0.42
3,IONQ,IONQ INC,0.39
4,KTOS,KRATOS DEFENSE AND SECURITY SOLUTI,0.36
5,FLR,FLUOR CORP,0.35
6,NXT,NEXTRACKER INC CLASS A,0.34
7,AVAV,AEROVIRONMENT INC,0.33
8,HQY,HEALTHEQUITY INC,0.31
9,JOBY,JOBY AVIATION INC CLASS A,0.31
10,UMBF,UMB FINANCIAL CORP,0.3
11,SPXC,SPX TECHNOLOGIES INC,0.3
12,ENSG,ENSIGN GROUP INC,0.29
13,GTLS,CHART INDUSTRIES INC,0.29
14,DY,DYCOM INDUSTRIES INC,0.28
15,STRL,STERLING INFRASTRUCTURE INC,0.28
16,CVLT,COMMVAULT SYSTEMS INC,0.28
17,JBTM,JBT MAREL CORP,0.27
18,RMBS,RAMBUS INC,0.27
19,EAT,BRINKER INTERNATIONAL INC,0.27
20,ONB,OLD NATIONAL BANCORP,0.27
21,UPST,UPSTART HOLDINGS INC,0.27
22,BBIO,BRIDGEBIO PHARMA INC,0.27
23,WTS,WATTS WATER TECHNOLOGIES INC CLASS,0.26
24,OKLO,OKLO INC CLASS A,0.26
25,CWST,CASELLA WASTE SYSTEMS INC CLASS A,0.25
26,FSS,FEDERAL SIGNAL CORP,0.25
27,TMHC,TAYLOR MORRISON HOME CORP,0.24
28,UFPI,UFP INDUSTRIES INC,0.24
29,CMC,COMMERCIAL METALS,0.23
30,ITRI,ITRON INC,0.23
31,AHR,AMERICAN HEALTHCARE REIT INC,0.23
32,EPRT,ESSENTIAL PROPERTIES REALTY TRUST,0.23
33,ACHR,ARCHER AVIATION INC CLASS A,0.23
34,MARA,MARA HOLDINGS INC,0.23
35,CDE,COEUR MINING INC,0.23
36,SMR,NUSCALE POWER CORP CLASS A,0.23
37,JXN,JACKSON FINANCIAL INC CLASS A,0.23
38,RHP,RYMAN HOSPITALITY PROPERTIES REIT,0.22
39,TRNO,TERRENO REALTY REIT CORP,0.22
40,QBTS,D WAVE QUANTUM INC,0.22
41,IDCC,INTERDIGITAL INC,0.22
42,VRNS,VARONIS SYSTEMS INC,0.22
43,CTRE,CARETRUST REIT INC,0.22
44,CRSP,CRISPR THERAPEUTICS AG,0.21
45,PIPR,PIPER SANDLER COMPANIES,0.21
46,BE,BLOOM ENERGY CLASS A CORP,0.21
47,SIGI,SELECTIVE INSURANCE GROUP INC,0.21
48,ORA,ORMAT TECH INC,0.21
49,ESNT,ESSENT GROUP LTD,0.21
50,CADE,CADENCE BANK,0.21
51,GATX,GATX CORP,0.21
52,LRN,STRIDE INC,0.21
53,ZWS,ZURN ELKAY WATER SOLUTIONS CORP,0.21
54,HOMB,HOME BANCSHARES INC,0.21
55,QTWO,Q2 HOLDINGS INC,0.21
56,BMI,BADGER METER INC,0.21
57,CALM,CAL MAINE FOODS INC,0.21
58,TGTX,TG THERAPEUTICS INC,0.21
59,SPSC,SPS COMMERCE INC,0.2
60,MOGA,MOOG INC CLASS A,0.2
61,BOOT,BOOT BARN HOLDINGS INC,0.2
62,GBCI,GLACIER BANCORP INC,0.2
63,MTH,MERITAGE CORP,0.2
64,SANM,SANMINA CORP,0.2
65,CWAN,CLEARWATER ANALYTICS HOLDINGS INC,0.2
66,UBSI,UNITED BANKSHARES INC,0.2
67,GPI,GROUP AUTOMOTIVE INC,0.2
68,SHAK,SHAKE SHACK INC CLASS A,0.2
69,AEIS,ADVANCED ENERGY INDUSTRIES INC,0.2
70,GKOS,GLAUKOS CORP,0.2
71,HWC,HANCOCK WHITNEY CORP,0.2
72,GH,GUARDANT HEALTH INC,0.2
73,FCFS,FIRSTCASH HOLDINGS INC,0.2
74,TXNM,TXNM ENERGY INC,0.2
75,BDC,BELDEN INC,0.19
76,MDGL,MADRIGAL PHARMACEUTICALS INC,0.19
77,QLYS,QUALYS INC,0.19
78,MOD,MODINE MANUFACTURING,0.19
79,SWX,SOUTHWEST GAS HOLDINGS INC,0.19
80,BCPC,BALCHEM CORP,0.19
81,ESE,ESCO TECHNOLOGIES INC,0.19
82,FFIN,FIRST FINANCIAL BANKSHARES INC,0.19
83,URBN,URBAN OUTFITTERS INC,0.19
84,LNTH,LANTHEUS HOLDINGS INC,0.19
85,OPCH,OPTION CARE HEALTH INC,0.19
86,MMSI,MERIT MEDICAL SYSTEMS INC,0.19
87,BIPC,BROOKFIELD INFRASTRUCTURE CORP CLA,0.19
88,KRG,KITE REALTY GROUP TRUST REIT,0.19
89,XTSLA,BLK CSH FND TREASURY SL AGENCY,0.19
90,VLY,VALLEY NATIONAL,0.18
91,RIOT,RIOT PLATFORMS INC,0.18
92,CSW,CSW INDUSTRIALS INC,0.18
93,TTMI,TTM TECHNOLOGIES INC,0.18
94,NJR,NEW JERSEY RESOURCES CORP,0.18
95,CNX,CNX RESOURCES CORP,0.18
96,ABG,ASBURY AUTOMOTIVE GROUP INC,0.18
97,ACIW,ACI WORLDWIDE INC,0.18
98,ROAD,CONSTRUCTION PARTNERS INC CLASS A,0.18
99,RDN,RADIAN GROUP INC,0.18
100,AUB,ATLANTIC UNION BANKSHARES CORP,0.18
101,PRIM,PRIMORIS SERVICES CORP,0.18
102,IBP,INSTALLED BUILDING PRODUCTS INC,0.18
103,KNF,KNIFE RIVER CORP,0.18
104,RYTM,RHYTHM PHARMACEUTICALS INC,0.18
105,SR,SPIRE INC,0.17
106,SOUN,SOUNDHOUND AI INC CLASS A,0.17
107,ANF,ABERCROMBIE AND FITCH CLASS A,0.17
108,OGS,ONE GAS INC,0.17
109,PECO,PHILLIPS EDISON AND COMPANY INC,0.17
110,FTDR,FRONTDOOR INC,0.17
111,POR,PORTLAND GENERAL ELECTRIC,0.17
112,SBRA,SABRA HEALTH CARE REIT INC,0.17
113,CYTK,CYTOKINETICS INC,0.17
114,ALKS,ALKERMES,0.17
115,ACA,ARCOSA INC,0.17
116,AX,AXOS FINANCIAL INC,0.17
117,SMTC,SEMTECH CORP,0.17
118,SLAB,SILICON LABORATORIES INC,0.17
119,MAC,MACERICH REIT,0.17
120,NOVT,NOVANTA INC,0.17
121,MGY,MAGNOLIA OIL GAS CORP CLASS A,0.17
122,ABCB,AMERIS BANCORP,0.17
123,PCVX,VAXCYTE INC,0.17
124,BOX,BOX INC CLASS A,0.17
125,SKYW,SKYWEST INC,0.17
126,HRI,HERC HOLDINGS INC,0.17
127,RGTI,RIGETTI COMPUTING INC,0.17
128,MIR,MIRION TECHNOLOGIES INC CLASS A,0.17
129,SXT,SENSIENT TECHNOLOGIES CORP,0.17
130,CNR,CORE NATURAL RESOURCES INC,0.16
131,IRTC,IRHYTHM TECHNOLOGIES INC,0.16
132,CBT,CABOT CORP,0.16
133,SLG,SL GREEN REALTY REIT CORP,0.16
134,AXSM,AXSOME THERAPEUTICS INC,0.16
135,SFBS,SERVISFIRST BANCSHARES INC,0.16
136,MC,MOELIS CLASS A,0.16
137,BKH,BLACK HILLS CORP,0.16
138,MMS,MAXIMUS INC,0.16
139,SITM,SITIME CORP,0.16
140,NPO,ENPRO INC,0.16
141,LUMN,LUMEN TECHNOLOGIES INC,0.16
142,ASB,ASSOCIATED BANCORP,0.16
143,PJT,PJT PARTNERS INC CLASS A,0.16
144,SNEX,STONEX GROUP INC,0.16
145,GVA,GRANITE CONSTRUCTION INC,0.16
146,GMS,GMS INC,0.16
147,ATGE,ADTALEM GLOBAL EDUCATION INC,0.16
148,TENB,TENABLE HOLDINGS INC,0.15
149,AAP,ADVANCE AUTO PARTS INC,0.15
150,ITGR,INTEGER HOLDINGS CORP,0.15
151,GLNG,GOLAR LNG LTD,0.15
152,STEP,STEPSTONE GROUP INC CLASS A,0.15
153,RNA,AVIDITY BIOSCIENCES INC,0.15
154,ALE,ALLETE INC,0.15
155,BCO,BRINKS,0.15
156,UCB,UNITED COMMUNITY BANKS INC,0.15
157,CBZ,CBIZ INC,0.15
158,VRRM,VERRA MOBILITY CORP CLASS A,0.15
159,ADMA,ADMA BIOLOGICS INC,0.15
160,LTH,LIFE TIME GROUP HOLDINGS INC,0.15
161,SATS,ECHOSTAR CORP CLASS A,0.15
162,KAI,KADANT INC,0.15
163,TCBI,TEXAS CAPITAL BANCSHARES INC,0.15
164,RDNT,RADNET INC,0.15
165,NSIT,INSIGHT ENTERPRISES INC,0.15
166,KBH,KB HOME,0.15
167,IRT,INDEPENDENCE REALTY INC TRUST,0.15
168,HL,HECLA MINING,0.14
169,HAE,HAEMONETICS CORP,0.14
170,CNO,CNO FINANCIAL GROUP INC,0.14
171,CORZ,CORE SCIENTIFIC INC,0.14
172,PBH,PRESTIGE CONSUMER HEALTHCARE INC,0.14
173,AROC,ARCHROCK INC,0.14
174,ASO,ACADEMY SPORTS AND OUTDOORS INC,0.14
175,IBOC,INTERNATIONAL BANCSHARES CORP,0.14
176,KFY,KORN FERRY,0.14
177,TDS,TELEPHONE AND DATA SYSTEMS INC,0.14
178,MWA,MUELLER WATER PRODUCTS INC SERIES,0.14
179,KRYS,KRYSTAL BIOTECH INC,0.14
180,OSIS,OSI SYSTEMS INC,0.14
181,ENS,ENERSYS,0.14
182,MZTI,MARZETTI,0.14
183,REZI,RESIDEO TECHNOLOGIES INC,0.14
184,FELE,FRANKLIN ELECTRIC INC,0.14
185,TMDX,TRANSMEDICS GROUP INC,0.14
186,PTCT,PTC THERAPEUTICS INC,0.14
187,EXPO,EXPONENT INC,0.14
188,FLG,FLAGSTAR FINANCIAL INC,0.14
189,PLMR,PALOMAR HOLDINGS INC,0.14
190,PLXS,PLEXUS CORP,0.14
191,NE,NOBLE CORPORATION PLC,0.14
192,SIG,SIGNET JEWELERS LTD,0.14
193,UEC,URANIUM ENERGY CORP,0.14
194,AKRO,AKERO THERAPEUTICS INC,0.14
195,DORM,DORMAN PRODUCTS INC,0.13
196,WSFS,WSFS FINANCIAL CORP,0.13
197,RNST,RENASANT CORP,0.13
198,HASI,HA SUSTAINABLE INFRASTRUCTURE CAPI,0.13
199,SLNO,SOLENO THERAPEUTICS INC,0.13
200,CLSK,CLEANSPARK INC,0.13
201,FULT,FULTON FINANCIAL CORP,0.13
202,AI,C3 AI INC CLASS A,0.13
203,FBP,FIRST BANCORP,0.13
204,TEX,TEREX CORP,0.13
205,WAY,WAYSTAR HOLDING CORP,0.13
206,BCC,BOISE CASCADE,0.13
207,RUSHA,RUSH ENTERPRISES INC CLASS A,0.13
208,BGC,BGC GROUP INC CLASS A,0.13
209,INDB,INDEPENDENT BANK CORP,0.13
210,CATY,CATHAY GENERAL BANCORP,0.13
211,SKY,CHAMPION HOMES INC,0.13
212,LEU,CENTRUS ENERGY CORP CLASS A,0.13
213,WK,WORKIVA INC CLASS A,0.13
214,STNE,STONECO LTD CLASS A,0.13
215,NUVL,NUVALENT INC CLASS A,0.13
216,MATX,MATSON INC,0.13
217,SKT,TANGER INC,0.13
218,MUR,MURPHY OIL CORP,0.13
219,KTB,KONTOOR BRANDS INC,0.13
220,MGEE,MGE ENERGY INC,0.12
221,GFF,GRIFFON CORP,0.12
222,ATMU,ATMUS FILTRATION TECHNOLOGIES INC,0.12
223,BXMT,BLACKSTONE MORTGAGE TRUST REIT CLA,0.12
224,EBC,EASTERN BANKSHARES INC,0.12
225,CALX,CALIX NETWORKS INC,0.12
226,FUL,HB FULLER,0.12
227,COMP,COMPASS INC CLASS A,0.12
228,NHI,NATIONAL HEALTH INVESTORS REIT INC,0.12
229,PATK,PATRICK INDUSTRIES INC,0.12
230,VAL,VALARIS LTD,0.12
231,GEO,GEO GROUP INC,0.12
232,HCC,WARRIOR MET COAL INC,0.12
233,PI,IMPINJ INC,0.12
234,WSBC,WESBANCO INC,0.12
235,PRCT,PROCEPT BIOROBOTICS CORP,0.12
236,CRC,CALIFORNIA RESOURCES CORP,0.12
237,SRRK,SCHOLAR ROCK HOLDING CORP,0.12
238,CDP,COPT DEFENSE PROPERTIES,0.12
239,WHD,CACTUS INC CLASS A,0.12
240,VCTR,VICTORY CAPITAL HOLDINGS CLASS A I,0.12
241,PTGX,PROTAGONIST THERAPEUTICS INC,0.12
242,FUN,SIX FLAGS ENTERTAINMENT CORP,0.12
243,TPH,TRI POINTE HOMES INC,0.12
244,AVNT,AVIENT CORP,0.12
245,HGV,HILTON GRAND VACATIONS INC,0.12
246,VC,VISTEON CORP,0.12
247,SM,SM ENERGY,0.12
248,BKU,BANKUNITED INC,0.12
249,BNL,BROADSTONE NET LEASE INC,0.12
250,MGNI,MAGNITE INC,0.12
251,PCH,POTLATCHDELTIC CORP,0.12
252,CAKE,CHEESECAKE FACTORY INC,0.12
253,TBBK,BANCORP INC,0.12
254,CVCO,CAVCO INDUSTRIES INC,0.12
255,GNW,GENWORTH FINANCIAL INC,0.12
256,HWKN,HAWKINS INC,0.12
257,ZETA,ZETA GLOBAL HOLDINGS CORP CLASS A,0.12
258,ICUI,ICU MEDICAL INC,0.12
259,NWE,NORTHWESTERN ENERGY GROUP INC,0.12
260,MHO,M I HOMES INC,0.12
261,AZZ,AZZ INC,0.12
262,CNK,CINEMARK HOLDINGS INC,0.12
263,AWR,AMERICAN STATES WATER,0.11
264,CARG,CARGURUS INC CLASS A,0.11
265,PFSI,PENNYMAC FINANCIAL SERVICES INC,0.11
266,AIR,AAR CORP,0.11
267,APAM,ARTISAN PARTNERS ASSET MANAGEMENT,0.11
268,NMIH,NMI HOLDINGS INC,0.11
269,GT,GOODYEAR TIRE & RUBBER,0.11
270,BL,BLACKLINE INC,0.11
271,OTTR,OTTER TAIL CORP,0.11
272,SMPL,THE SIMPLY GOOD FOODS COMPANY,0.11
273,AVA,AVISTA CORP,0.11
274,ABM,ABM INDUSTRIES INC,0.11
275,WNS,WNS HOLDINGS LTD,0.11
276,ACAD,ACADIA PHARMACEUTICALS INC,0.11
277,IESC,IES INC,0.11
278,OSCR,OSCAR HEALTH INC CLASS A,0.11
279,WDFC,WD-40,0.11
280,AGX,ARGAN INC,0.11
281,APLE,APPLE HOSPITALITY REIT INC,0.11
282,PII,POLARIS INC,0.11
283,ENVA,ENOVA INTERNATIONAL INC,0.11
284,CBU,COMMUNITY FINANCIAL SYSTEM INC,0.11
285,AGYS,AGILYSYS INC,0.11
286,BWIN,BALDWIN INSURANCE GROUP INC CLASS,0.11
287,TGNA,TEGNA INC,0.11
288,MGRC,MCGRATH RENT,0.11
289,CRNX,CRINETICS PHARMACEUTICALS INC,0.11
290,LAUR,LAUREATE EDUCATION INC,0.11
291,POWI,POWER INTEGRATIONS INC,0.11
292,FRSH,FRESHWORKS INC CLASS A,0.11
293,MYRG,MYR GROUP INC,0.11
294,GHC,GRAHAM HOLDINGS COMPANY CLASS B,0.11
295,PAR,PAR TECHNOLOGY CORP,0.11
296,RXO,RXO INC,0.1
297,AMBA,AMBARELLA INC,0.1
298,CPK,CHESAPEAKE UTILITIES CORP,0.1
299,BOH,BANK OF HAWAII CORP,0.1
300,MRCY,MERCURY SYSTEMS INC,0.1
301,CVBF,CVB FINANCIAL CORP,0.1
302,VAC,MARRIOTT VACATIONS WORLDWIDE CORP,0.1
303,BUR,BURFORD CAPITAL LTD,0.1
304,BANF,BANCFIRST CORP,0.1
305,ATKR,ATKORE INC,0.1
306,CWT,CALIFORNIA WATER SERVICE GROUP,0.1
307,RRR,RED ROCK RESORTS ORS CLASS A INC,0.1
308,FCPT,FOUR CORNERS PROPERTY INC TRUST,0.1
309,FORM,FORMFACTOR INC,0.1
310,UNF,UNIFIRST CORP,0.1
311,ALRM,ALARM.COM HOLDINGS INC,0.1
312,SYNA,SYNAPTICS INC,0.1
313,TDW,TIDEWATER INC,0.1
314,UE,URBAN EDGE PROPERTIES,0.1
315,ACVA,ACV AUCTIONS INC CLASS A,0.1
316,SFNC,SIMMONS FIRST NATIONAL CORP CLASS,0.1
317,AKR,ACADIA REALTY TRUST REIT,0.1
318,TOWN,TOWNEBANK,0.1
319,GPOR,GULFPORT ENERGY CORP,0.1
320,OUT,OUTFRONT MEDIA INC,0.1
321,ACLX,ARCELLX INC,0.1
322,YOU,CLEAR SECURE INC CLASS A,0.1
323,SSRM,SSR MINING INC,0.1
324,CRVL,CORVEL CORP,0.1
325,FIBK,FIRST INTERSTATE BANCSYSTEM INC,0.1
326,VSEC,VSE CORP,0.1
327,PSMT,PRICESMART INC,0.1
328,RELY,REMITLY GLOBAL INC,0.1
329,KAR,OPENLANE INC,0.1
330,NOG,NORTHERN OIL AND GAS INC,0.1
331,USD,USD CASH,0.1
332,LGND,LIGAND PHARMACEUTICALS INC,0.1
333,ACLS,AXCELIS TECHNOLOGIES INC,0.09
334,ENVX,ENOVIX CORP,0.09
335,LXP,LXP INDUSTRIAL TRUST,0.09
336,HNI,HNI CORP,0.09
337,SBCF,SEACOAST BANKING OF FLORIDA,0.09
338,GSHD,GOOSEHEAD INSURANCE INC CLASS A,0.09
339,REVG,REV GROUP INC,0.09
340,DIOD,DIODES INC,0.09
341,IPAR,INTERPARFUMS INC,0.09
342,GENI,GENIUS SPORTS LTD,0.09
343,BLKB,BLACKBAUD INC,0.09
344,AVPT,AVEPOINT INC CLASS A,0.09
345,PRK,PARK NATIONAL CORP,0.09
346,OI,O I GLASS INC,0.09
347,CPRI,CAPRI HOLDINGS LTD,0.09
348,PRVA,PRIVIA HEALTH GROUP INC,0.09
349,VERX,VERTEX INC CLASS A,0.09
350,LMND,LEMONADE INC,0.09
351,CHEF,CHEFS WAREHOUSE INC,0.09
352,CON,CONCENTRA GROUP HOLDINGS PARENT IN,0.09
353,FFBC,FIRST FINANCIAL BANCORP,0.09
354,INTA,INTAPP INC,0.09
355,XENE,XENON PHARMACEUTICALS INC,0.09
356,ALIT,ALIGHT INC CLASS A,0.09
357,WD,WALKER & DUNLOP INC,0.09
358,CPRX,CATALYST PHARMACEUTICALS INC,0.09
359,LCII,LCI INDUSTRIES,0.09
360,WAFD,WAFD INC,0.09
361,PTON,PELOTON INTERACTIVE CLASS A INC,0.09
362,GOLF,ACUSHNET HOLDINGS CORP,0.09
363,LIVN,LIVANOVA PLC,0.09
364,EXTR,EXTREME NETWORKS INC,0.09
365,PRM,PERIMETER SOLUTIONS INC,0.09
366,WRBY,WARBY PARKER INC CLASS A,0.09
367,FRME,FIRST MERCHANTS CORP,0.09
368,MIRM,MIRUM PHARMACEUTICALS INC,0.09
369,RIG,TRANSOCEAN LTD,0.09
370,BBAI,BIGBEAR.AI HOLDINGS INC,0.09
371,HURN,HURON CONSULTING GROUP INC,0.09
372,VIAV,VIAVI SOLUTIONS INC,0.09
373,MQ,MARQETA INC CLASS A,0.09
374,AGIO,AGIOS PHARMACEUTICALS INC,0.09
375,CC,CHEMOURS,0.08
376,CCOI,COGENT COMMUNICATIONS HOLDINGS INC,0.08
377,ALG,ALAMO GROUP INC,0.08
378,MTRN,MATERION CORP,0.08
379,OFG,OFG BANCORP,0.08
380,QUBT,QUANTUM COMPUTING INC,0.08
381,BUSE,FIRST BUSEY CORP,0.08
382,EYE,NATIONAL VISION HOLDINGS INC,0.08
383,KMT,KENNAMETAL INC,0.08
384,ADUS,ADDUS HOMECARE CORP,0.08
385,EFSC,ENTERPRISE FINANCIAL SERVICES CORP,0.08
386,TWST,TWIST BIOSCIENCE CORP,0.08
387,SYBT,STOCK YARDS BANCORP INC,0.08
388,POWL,POWELL INDUSTRIES INC,0.08
389,RUN,SUNRUN INC,0.08
390,TRMK,TRUSTMARK CORP,0.08
391,FIVN,FIVE9 INC,0.08
392,BANR,BANNER CORP,0.08
393,CURB,CURBLINE PROPERTIES,0.08
394,NBTB,NBT BANCORP INC,0.08
395,ASGN,ASGN INC,0.08
396,YELP,YELP INC,0.08
397,AIN,ALBANY INTERNATIONAL CORP CLASS A,0.08
398,KYMR,KYMERA THERAPEUTICS INC,0.08
399,BRZE,BRAZE INC CLASS A,0.08
400,EVTC,EVERTEC INC,0.08
401,RXRX,RECURSION PHARMACEUTICALS INC CLAS,0.08
402,PTEN,PATTERSON UTI ENERGY INC,0.08
403,PPBI,PACIFIC PREMIER BANCORP INC,0.08
404,FL,FOOT LOCKER INC,0.08
405,DAN,DANA INCORPORATED INC,0.08
406,PFS,PROVIDENT FINANCIAL SERVICES INC,0.08
407,TPC,TUTOR PERINI CORP,0.08
408,IVT,INVENTRUST PROPERTIES CORP,0.08
409,TRN,TRINITY INDUSTRIES INC,0.08
410,CNS,COHEN & STEERS INC,0.08
411,PRGS,PROGRESS SOFTWARE CORP,0.08
412,BEAM,BEAM THERAPEUTICS INC,0.08
413,TRIP,TRIPADVISOR INC,0.08
414,OSW,ONESPAWORLD HOLDINGS LTD,0.08
415,RAMP,LIVERAMP HOLDINGS INC,0.08
416,IOSP,INNOSPEC INC,0.08
417,DEI,DOUGLAS EMMETT REIT INC,0.08
418,SEZL,SEZZLE INC,0.08
419,PCT,PURECYCLE TECHNOLOGIES INC,0.08
420,VSH,VISHAY INTERTECHNOLOGY INC,0.08
421,CXW,CORECIVIC REIT INC,0.08
422,BTU,PEABODY ENERGY CORP,0.08
423,OII,OCEANEERING INTERNATIONAL INC,0.08
424,HUBG,HUB GROUP INC CLASS A,0.08
425,NSP,INSPERITY INC,0.08
426,CSTM,CONSTELLIUM SE CLASS A,0.08
427,VCEL,VERICEL CORP,0.08
428,EPAC,ENERPAC TOOL GROUP CORP CLASS A,0.08
429,NATL,NCR ATLEOS CORP,0.08
430,PBF,PBF ENERGY INC CLASS A,0.08
431,HUT,HUT CORP,0.08
432,INDV,INDIVIOR PLC,0.08
433,GRBK,GREEN BRICK PARTNERS INC,0.08
434,VYX,NCR VOYIX CORP,0.08
435,BANC,BANC OF CALIFORNIA INC,0.08
436,BATRK,ATLANTA BRAVES HOLDINGS INC SERIES,0.08
437,FBK,FB FINANCIAL CORP,0.08
438,LBRT,LIBERTY ENERGY INC CLASS A,0.08
439,SHO,SUNSTONE HOTEL INVESTORS REIT INC,0.07
440,AEO,AMERICAN EAGLE OUTFITTERS INC,0.07
441,VSAT,VIASAT INC,0.07
442,NMRK,NEWMARK GROUP INC CLASS A,0.07
443,CUBI,CUSTOMERS BANCORP INC,0.07
444,SGHC,SUPER GROUP LTD,0.07
445,JJSF,J AND J SNACK FOODS CORP,0.07
446,UFPT,UFP TECHNOLOGIES INC,0.07
447,DRH,DIAMONDROCK HOSPITALITY REIT,0.07
448,KWR,QUAKER HOUGHTON CORP,0.07
449,DAVE,DAVE INC CLASS A,0.07
450,NTB,BANK OF NT BUTTERFIELD & SON LTD,0.07
451,CASH,PATHWARD FINANCIAL INC,0.07
452,TNET,TRINET GROUP INCINARY,0.07
453,IDYA,IDEAYA BIOSCIENCES INC,0.07
454,UUUU,ENERGY FUELS INC,0.07
455,PINC,PREMIER INC CLASS A,0.07
456,PAYO,PAYONEER GLOBAL INC,0.07
457,WOR,WORTHINGTON ENTERPRISES INC,0.07
458,DBRG,DIGITALBRIDGE GROUP INC CLASS A,0.07
459,ARWR,ARROWHEAD PHARMACEUTICALS INC,0.07
460,CHCO,CITY HOLDING,0.07
461,MCY,MERCURY GENERAL CORP,0.07
462,SOC,SABLE OFFSHORE CORP CLASS A,0.07
463,MTX,MINERALS TECHNOLOGIES INC,0.07
464,JOE,ST JOE,0.07
465,TGI,TRIUMPH GROUP INC,0.07
466,TGLS,TECNOGLASS INC,0.07
467,PHIN,PHINIA INC,0.07
468,APLD,APPLIED DIGITAL CORP,0.07
469,ARCB,ARCBEST CORP,0.07
470,SDRL,SEADRILL LTD,0.07
471,ADNT,ADIENT PLC,0.07
472,STNG,SCORPIO TANKERS INC,0.07
473,ROCK,GIBRALTAR INDUSTRIES INC,0.07
474,CENTA,CENTRAL GARDEN AND PET CLASS A,0.07
475,KNTK,KINETIK HOLDINGS INC CLASS A,0.07
476,NIC,NICOLET BANKSHARES INC,0.07
477,ABR,ARBOR REALTY TRUST REIT INC,0.07
478,DOCN,DIGITALOCEAN HOLDINGS INC,0.07
479,STRA,STRATEGIC EDUCATION INC,0.07
480,SHOO,STEVEN MADDEN LTD,0.07
481,SXI,STANDEX INTERNATIONAL CORP,0.07
482,FBNC,FIRST BANCORP,0.07
483,TRUP,TRUPANION INC,0.07
484,VCYT,VERACYTE INC,0.07
485,WWW,WOLVERINE WORLD WIDE INC,0.07
486,HE,HAWAIIAN ELECTRIC INDUSTRIES INC,0.07
487,SKWD,SKYWARD SPECIALTY INSURANCE GROUP,0.07
488,ALKT,ALKAMI TECHNOLOGY INC,0.07
489,DNLI,DENALI THERAPEUTICS INC,0.07
490,COMM,COMMSCOPE HOLDING INC,0.07
491,PRDO,PERDOCEO EDUCATION CORP,0.07
492,BKD,BROOKDALE SENIOR LIVING INC,0.07
493,CIFR,CIPHER MINING INC,0.07
494,SUPN,SUPERNUS PHARMACEUTICALS INC,0.07
495,PLUS,EPLUS,0.07
496,QDEL,QUIDELORTHO CORP,0.07
497,BCRX,BIOCRYST PHARMACEUTICALS INC,0.07
498,BTSG,BRIGHTSPRING HEALTH SERVICES INC,0.07
499,CSGS,CSG SYSTEMS INTERNATIONAL INC,0.07
500,KLIC,KULICKE AND SOFFA INDUSTRIES INC,0.07
501,FOLD,AMICUS THERAPEUTICS INC,0.07
502,PARR,PAR PACIFIC HOLDINGS INC,0.07
503,NNI,NELNET INC CLASS A,0.07
504,SLVM,SYLVAMO CORP,0.07
505,VBTX,VERITEX HOLDINGS INC,0.07
506,HBI,HANESBRANDS INC,0.06
507,WT,WISDOMTREE INC,0.06
508,PLUG,PLUG POWER INC,0.06
509,UNFI,UNITED NATURAL FOODS INC,0.06
510,ARLO,ARLO TECHNOLOGIES INC,0.06
511,NWN,NORTHWEST NATURAL HOLDING COMPANY,0.06
512,BRSL,BRIGHTSTAR LOTTERY PLC,0.06
513,BKE,BUCKLE INC,0.06
514,ALHC,ALIGNMENT HEALTHCARE INC,0.06
515,PHR,PHREESIA INC,0.06
516,NBHC,NATIONAL BANK HOLDINGS CORP CLASS,0.06
517,CNMD,CONMED CORP,0.06
518,DBD,DIEBOLD NIXDORF INC,0.06
519,CLDX,CELLDEX THERAPEUTICS INC,0.06
520,WGS,GENEDX HOLDINGS CORP CLASS A,0.06
521,SPNT,SIRIUSPOINT LTD,0.06
522,SPB,SPECTRUM BRANDS HOLDINGS INC,0.06
523,FCF,FIRST COMMONWEALTH FINANCIAL CORP,0.06
524,GEF,GREIF INC CLASS A,0.06
525,UPWK,UPWORK INC,0.06
526,HLMN,HILLMAN SOLUTIONS CORP,0.06
527,LZB,LA-Z-BOY INC,0.06
528,HRMY,HARMONY BIOSCIENCES HLDG INC,0.06
529,STEL,STELLAR BANCORP INC,0.06
530,GBX,GREENBRIER INC,0.06
531,ADEA,ADEIA INC,0.06
532,MBC,MASTERBRAND INC,0.06
533,AMC,AMC ENTERTAINMENT HOLDINGS INC CLA,0.06
534,TDOC,TELADOC HEALTH INC,0.06
535,NEXT,NEXTDECADE CORP,0.06
536,GTX,GARRETT MOTION INC,0.06
537,DK,DELEK US HOLDINGS INC,0.06
538,IRON,DISC MEDICINE INC,0.06
539,AGM,FEDERAL AGRICULTURAL MORTGAGE NON,0.06
540,DFIN,DONNELLEY FINANCIAL SOLUTIONS INC,0.06
541,STC,STEWART INFO SERVICES CORP,0.06
542,BFH,BREAD FINANCIAL HOLDINGS INC,0.06
543,HI,HILLENBRAND INC,0.06
544,ENOV,ENOVIS CORP,0.06
545,PL,PLANET LABS CLASS A,0.06
546,PBI,PITNEY BOWES INC,0.06
547,BLBD,BLUE BIRD CORP,0.06
548,CGON,CG ONCOLOGY INC,0.06
549,NTLA,INTELLIA THERAPEUTICS INC,0.06
550,NTST,NETSTREIT CORP,0.06
551,HTH,HILLTOP HOLDINGS INC,0.06
552,STBA,S AND T BANCORP INC,0.06
553,KLG,WK KELLOGG,0.06
554,PAGS,PAGSEGURO DIGITAL LTD CLASS A,0.06
555,TARS,TARSUS PHARMACEUTICALS INC,0.06
556,KN,KNOWLES CORP,0.06
557,ADPT,ADAPTIVE BIOTECHNOLOGIES CORP,0.06
558,COCO,THE VITA COCO COMPANY INC,0.06
559,TNC,TENNANT,0.06
560,ACMR,ACM RESEARCH CLASS A INC,0.06
561,CRK,COMSTOCK RESOURCES INC,0.06
562,LC,LENDINGCLUB CORP,0.06
563,IIPR,INNOVATIVE INDUSTRIAL PROPERTIES I,0.06
564,PZZA,PAPA JOHNS INTERNATIONAL INC,0.06
565,LNN,LINDSAY CORP,0.06
566,VSCO,VICTORIA S SECRET,0.06
567,CRGY,CRESCENT ENERGY CLASS A,0.06
568,ICFI,ICF INTERNATIONAL INC,0.06
569,CWK,CUSHMAN AND WAKEFIELD PLC,0.06
570,OCUL,OCULAR THERAPEUTIX INC,0.06
571,SG,SWEETGREEN INC CLASS A,0.06
572,NVCR,NOVOCURE LTD,0.06
573,ARQT,ARCUTIS BIOTHERAPEUTICS INC,0.06
574,PGNY,PROGYNY INC,0.06
575,WKC,WORLD KINECT CORP,0.06
576,HTO,H2O AMERICA,0.06
577,ENR,ENERGIZER HOLDINGS INC,0.06
578,NTCT,NETSCOUT SYSTEMS INC,0.06
579,LKFN,LAKELAND FINANCIAL CORP,0.06
580,LMAT,LEMAITRE VASCULAR INC,0.06
581,CCS,CENTURY COMMUNITIES INC,0.06
582,SGRY,SURGERY PARTNERS INC,0.06
583,CBRL,CRACKER BARREL OLD COUNTRY STORE I,0.06
584,MSGE,MADISON SQUARE GARDEN ENTERTAINMEN,0.06
585,AMR,ALPHA METALLURGICAL RESOURCE INC,0.06
586,LTC,LTC PROPERTIES REIT INC,0.06
587,INSW,INTERNATIONAL SEAWAYS INC,0.06
588,HMN,HORACE MANN EDUCATORS CORP,0.06
589,AVDX,AVIDXCHANGE HOLDINGS INC,0.06
590,KGS,KODIAK GAS SERVICES INC,0.06
591,NWBI,NORTHWEST BANCSHARES INC,0.06
592,NGVT,INGEVITY CORP,0.06
593,WERN,WERNER ENTERPRISES INC,0.06
594,WLY,JOHN WILEY AND SONS INC CLASS A,0.06
595,AMSC,AMERICAN SUPERCONDUCTOR CORP,0.06
596,HP,HELMERICH & PAYNE INC,0.06
597,DNOW,DNOW INC,0.06
598,LUNR,INTUITIVE MACHINES INC CLASS A,0.06
599,JBLU,JETBLUE AIRWAYS CORP,0.06
600,ATRC,ATRICURE INC,0.06
601,KALU,KAISER ALUMINIUM CORP,0.06
602,SEM,SELECT MEDICAL HOLDINGS CORP,0.06
603,KSS,KOHLS CORP,0.05
604,UVV,UNIVERSAL CORP,0.05
605,GO,GROCERY OUTLET HOLDING CORP,0.05
606,MLKN,MILLERKNOLL INC,0.05
607,PRG,PROG HOLDINGS INC,0.05
608,CLOV,CLOVER HEALTH INVESTMENTS CORP CLA,0.05
609,UNIT,UNITI GROUP INC,0.05
610,VITL,VITAL FARMS INC,0.05
611,INOD,INNODATA INC,0.05
612,FA,FIRST ADVANTAGE CORP,0.05
613,BHE,BENCHMARK ELECTRONICS INC,0.05
614,WULF,TERAWULF INC,0.05
615,ATEN,A10 NETWORKS INC,0.05
616,FLYW,FLYWIRE CORP,0.05
617,ZD,ZIFF DAVIS INC,0.05
618,DHT,DHT HOLDINGS INC,0.05
619,PGY,PAGAYA TECHNOLOGIES LTD CLASS A,0.05
620,AZTA,AZENTA INC,0.05
621,ARR,ARMOUR RESIDENTIAL REIT INC,0.05
622,ARI,APOLLO COMMERCIAL REAL ESTATE FINA,0.05
623,GTY,GETTY REALTY REIT CORP,0.05
624,AAOI,APPLIED OPTOELECTRONICS INC,0.05
625,TXG,10X GENOMICS INC CLASS A,0.05
626,NG,NOVAGOLD RESOURCES INC,0.05
627,PRKS,UNITED PARKS AND RESORTS INC,0.05
628,GABC,GERMAN AMERICAN BANCORP INC,0.05
629,TFIN,TRIUMPH FINANCIAL INC,0.05
630,SILA,SILA RLTY TR INC TRUST,0.05
631,ELME,ELME,0.05
632,TVTX,TRAVERE THERAPEUTICS INC,0.05
633,XMTR,XOMETRY INC CLASS A,0.05
634,UPBD,UPBOUND GROUP INC,0.05
635,ATEC,ALPHATEC HOLDNGS INC,0.05
636,UTI,UNIVERSAL TECHNICAL INSTITUTE INC,0.05
637,JBGS,JBG SMITH PROPERTIES,0.05
638,ASAN,ASANA INC CLASS A,0.05
639,LEG,LEGGETT & PLATT INC,0.05
640,GNL,GLOBAL NET LEASE INC,0.05
641,PENG,PENGUIN SOLUTIONS INC,0.05
642,DXPE,DXP ENTERPRISES INC,0.05
643,BTDR,BITDEER TECHNOLOGIES GROUP CLASS A,0.05
644,MODG,TOPGOLF CALLAWAY BRANDS CORP,0.05
645,COGT,COGENT BIOSCIENCES INC,0.05
646,TCBK,TRICO BANCSHARES,0.05
647,SONO,SONOS INC,0.05
648,GSAT,GLOBALSTAR VOTING INC,0.05
649,UMH,UMH PROPERTIES INC,0.05
650,LMB,LIMBACH HOLDINGS INC,0.05
651,OMCL,OMNICELL INC,0.05
652,RPD,RAPID7 INC,0.05
653,VRTS,VIRTUS INVESTMENT PARTNERS INC,0.05
654,MCRI,MONARCH CASINO AND RESORT INC,0.05
655,XHR,XENIA HOTELS RESORTS REIT INC,0.05
656,TPB,TURNING POINT BRANDS INC,0.05
657,PEB,PEBBLEBROOK HOTEL TRUST REIT,0.05
658,HOPE,HOPE BANCORP INC,0.05
659,ROG,ROGERS CORP,0.05
660,CNNE,CANNAE HOLDINGS INC,0.05
661,BLX,BANCO LATINOAMERICANO DE COMERCIO,0.05
662,EPC,EDGEWELL PERSONAL CARE,0.05
663,FOXF,FOX FACTORY HOLDING CORP,0.05
664,WABC,WESTAMERICA BANCORPORATION,0.05
665,WMK,WEIS MARKETS INC,0.05
666,FUBO,FUBOTV INC,0.05
667,TIC,ACUREN CORPORATION CORP,0.05
668,PRA,PROASSURANCE CORP,0.05
669,AMRX,AMNEAL PHARMACEUTICALS INC CLASS A,0.05
670,PGRE,PARAMOUNT GROUP REIT INC,0.05
671,HCI,HCI GROUP INC,0.05
672,LIF,LIFE360 INC,0.05
673,VICR,VICOR CORP,0.05
674,LGIH,LGI HOMES INC,0.05
675,APGE,APOGEE THERAPEUTICS INC,0.05
676,PWP,PERELLA WEINBERG PARTNERS CLASS A,0.05
677,SDGR,SCHRODINGER INC,0.05
678,EOSE,EOS ENERGY ENTERPRISES INC CLASS A,0.05
679,DX,DYNEX CAPITAL REIT INC,0.05
680,VRNT,VERINT SYSTEMS INC,0.05
681,DCO,DUCOMMUN INC,0.05
682,HLIO,HELIOS TECHNOLOGIES INC,0.05
683,SCL,STEPAN,0.05
684,PD,PAGERDUTY INC,0.05
685,MRC,MRC GLOBAL INC,0.05
686,VRDN,VIRIDIAN THERAPEUTICS ORS INC,0.05
687,IMVT,IMMUNOVANT INC,0.05
688,MXL,MAXLINEAR INC,0.05
689,MRX,MAREX GROUP PLC,0.05
690,EFC,ELLINGTON FINANCIAL INC,0.05
691,NVEE,NV5 GLOBAL INC,0.05
692,LADR,LADDER CAPITAL CORP CLASS A,0.05
693,ALEX,ALEXANDER AND BALDWIN INC,0.05
694,STR,SITIO ROYALTIES CORP CLASS A,0.05
695,PLAB,PHOTRONICS INC,0.05
696,NN,NEXTNAV INC,0.05
697,OUST,OUSTER INC,0.05
698,BHLB,BERKSHIRE HILLS BANCORP INC,0.05
699,ANIP,ANI PHARMACEUTICALS INC,0.05
700,DVAX,DYNAVAX TECHNOLOGIES CORP,0.05
701,CRI,CARTERS INC,0.05
702,BFC,BANK FIRST CORP,0.05
703,CNOB,CONNECTONE BANCORP INC,0.05
704,LION,LIONSGATE STUDIOS CORP,0.05
705,ETNB,89BIO INC,0.05
706,QCRH,QCR HOLDINGS INC,0.05
707,DGII,DIGI INTERNATIONAL INC,0.05
708,TILE,INTERFACE INC,0.05
709,BHVN,BIOHAVEN LTD,0.05
710,RSI,RUSH STREET INTERACTIVE INC CLASS,0.05
711,SPHR,SPHERE ENTERTAINMENT CLASS A,0.05
712,CCB,COASTAL FINANCIAL CORP,0.05
713,AORT,ARTIVION INC,0.05
714,APPN,APPIAN CORP CLASS A,0.05
715,RLJ,RLJ LODGING TRUST REIT,0.05
716,CENX,CENTURY ALUMINUM,0.05
717,SRCE,1ST SOURCE CORP,0.05
718,INVA,INNOVIVA INC,0.05
719,EVH,EVOLENT HEALTH INC CLASS A,0.05
720,SAH,SONIC AUTOMOTIVE INC CLASS A,0.05
721,NHC,NATIONAL HEALTHCARE CORP,0.05
722,FDP,FRESH DEL MONTE PRODUCE INC,0.05
723,JBI,JANUS INTERNATIONAL GROUP INC,0.05
724,GRAL,GRAIL INC,0.05
725,IMAX,IMAX CORP,0.05
726,ROOT,ROOT INC CLASS A,0.05
727,ANDE,ANDERSONS INC,0.05
728,COUR,COURSERA INC,0.05
729,MNKD,MANNKIND CORP,0.05
730,DEA,EASTERLY GOVERNMENT PROPERTIES INC,0.04
731,NX,QUANEX BUILDING PRODUCTS CORP,0.04
732,PLAY,DAVE AND BUSTERS ENTERTAINMENT INC,0.04
733,USPH,US PHYSICAL THERAPY INC,0.04
734,WINA,WINMARK CORP,0.04
735,WLDN,WILLDAN GROUP INC,0.04
736,OBK,ORIGIN BANCORP INC,0.04
737,MD,PEDIATRIX MEDICAL GROUP INC,0.04
738,AVXL,ANAVEX LIFE SCIENCES CORP,0.04
739,BBSI,BARRETT BUSINESS SERVICES INC,0.04
740,LQDA,LIQUIDIA CORP,0.04
741,BELFB,BEL FUSE INC CLASS B,0.04
742,FIZZ,NATIONAL BEVERAGE CORP,0.04
743,TNDM,TANDEM DIABETES CARE INC,0.04
744,AESI,ATLAS ENERGY SOLUTIONS INC,0.04
745,NAVI,NAVIENT CORP,0.04
746,CDTX,CIDARA THERAPEUTICS INC,0.04
747,TNK,TEEKAY TANKERS LTD CLASS A,0.04
748,ACT,ENACT HOLDINGS INC,0.04
749,AUPH,AURINIA PHARMACEUTICALS INC,0.04
750,UCTT,ULTRA CLEAN HOLDINGS INC,0.04
751,WS,WORTHINGTON STEEL INC,0.04
752,HLF,HERBALIFE LTD,0.04
753,OLO,OLO INC CLASS A,0.04
754,NVAX,NOVAVAX INC,0.04
755,VECO,VEECO INSTRUMENTS INC,0.04
756,CTS,CTS CORP,0.04
757,NVTS,NAVITAS SEMICONDUCTOR CORP,0.04
758,SABR,SABRE CORP,0.04
759,UTZ,UTZ BRANDS INC CLASS A,0.04
760,TRS,TRIMAS CORP,0.04
761,ARRY,ARRAY TECHNOLOGIES INC,0.04
762,EWTX,EDGEWISE THERAPEUTICS INC,0.04
763,VTOL,BRISTOW GROUP INC,0.04
764,SMA,SMARTSTOP SELF STORAGE REIT INC,0.04
765,SBH,SALLY BEAUTY HOLDINGS INC,0.04
766,SAFT,SAFETY INSURANCE GROUP INC,0.04
767,TALO,TALOS ENERGY INC,0.04
768,OCFC,OCEANFIRST FINANCIAL CORP,0.04
769,SFL,SFL LTD,0.04
770,GOGO,GOGO INC,0.04
771,AAMI,ACADIAN ASSET MANAGEMENT INC,0.04
772,PMT,PENNYMAC MORTGAGE INVESTMENT TRUST,0.04
773,DCOM,DIME COMMUNITY BANCSHARES INC,0.04
774,CIM,CHIMERA INVESTMENT CORP,0.04
775,DOLE,DOLE PLC,0.04
776,FSLY,FASTLY INC CLASS A,0.04
777,CXM,SPRINKLR INC CLASS A,0.04
778,AKBA,AKEBIA THERAPEUTICS INC,0.04
779,KOS,KOSMOS ENERGY LTD,0.04
780,IOVA,IOVANCE BIOTHERAPEUTICS INC,0.04
781,PRAX,PRAXIS PRECISION MEDICINES INC,0.04
782,IE,IVANHOE ELECTRIC INC,0.04
783,HLIT,HARMONIC INC,0.04
784,PCRX,PACIRA BIOSCIENCES INC,0.04
785,TWO,TWO HARBORS INVESTMENT CORP,0.04
786,ESRT,EMPIRE STATE REALTY REIT INC TRUST,0.04
787,NEOG,NEOGEN CORP,0.04
788,LPG,DORIAN LPG LTD,0.04
789,EIG,EMPLOYERS HOLDINGS INC,0.04
790,AMPL,AMPLITUDE INC CLASS A,0.04
791,HSII,HEIDRICK AND STRUGGLES INTERNATION,0.04
792,THRM,GENTHERM INC,0.04
793,SHLS,SHOALS TECHNOLOGIES GROUP INC CLAS,0.04
794,IMKTA,INGLES MARKETS INC CLASS A,0.04
795,NNE,NANO NUCLEAR ENERGY INC,0.04
796,BV,BRIGHTVIEW HOLDINGS INC,0.04
797,FIHL,FIDELIS INSURANCE HOLDINGS LTD,0.04
798,AVDL,AVADEL PHARMACEUTICALS ORD,0.04
799,CECO,CECO ENVIRONMENTAL CORP,0.04
800,SPT,SPROUT SOCIAL INC CLASS A,0.04
801,PEBO,PEOPLES BANCORP INC,0.04
802,HCSG,HEALTHCARE SERVICES GROUP INC,0.04
803,THS,TREEHOUSE FOODS INC,0.04
804,SEI,SOLARIS OILFIELD INFRASTRUCTURE IN,0.04
805,NSSC,NAPCO SECURITY TECHNOLOGIES INC,0.04
806,AAT,AMERICAN ASSETS TRUST REIT INC,0.04
807,KW,KENNEDY WILSON HOLDINGS INC,0.04
808,HTZ,HERTZ GLOBAL HLDGS INC,0.04
809,LASR,NLIGHT INC,0.04
810,SBSI,SOUTHSIDE BANCSHARES INC,0.04
811,SCSC,SCANSOURCE INC,0.04
812,ECVT,ECOVYST INC,0.04
813,PRLB,PROTO LABS INC,0.04
814,MSEX,MIDDLESEX WATER,0.04
815,CDRE,CADRE HOLDINGS INC,0.04
816,BRKL,BROOKLINE BANCORP INC,0.04
817,ARDX,ARDELYX INC,0.04
818,JANX,JANUX THERAPEUTICS INC,0.04
819,DRVN,DRIVEN BRANDS HOLDINGS INC,0.04
820,CWH,CAMPING WORLD HOLDINGS INC CLASS A,0.04
821,LOB,LIVE OAK BANCSHARES INC,0.04
822,PRCH,PORCH GROUP INC,0.04
823,VERA,VERA THERAPEUTICS INC CLASS A,0.04
824,USLM,UNITED STATES LIME AND MINERALS IN,0.04
825,CRAI,CRA INTERNATIONAL INC,0.04
826,HROW,HARROW INC,0.04
827,AIV,APARTMENT INVESTMENT AND MANAGEMEN,0.04
828,CLMT,CALUMET INC,0.04
829,VRE,VERIS RESIDENTIAL INC,0.04
830,COLL,COLLEGIUM PHARMACEUTICAL INC,0.04
831,BASE,COUCHBASE INC,0.04
832,ATRO,ASTRONICS CORP,0.04
833,CSR,CENTERSPACE,0.04
834,SPRY,ARS PHARMACEUTICALS INC,0.04
835,HG,HAMILTON INSURANCE GROUP LTD CLASS,0.04
836,HLX,HELIX ENERGY SOLUTIONS GROUP INC,0.04
837,LZ,LEGALZOOM COM INC,0.04
838,MFA,MFA FINANCIAL INC,0.04
839,STAA,STAAR SURGICAL,0.04
840,WVE,WAVE LIFE SCIENCES LTD,0.04
841,PDM,PIEDMONT REALTY TRUST INC CLASS A,0.04
842,ASTH,ASTRANA HEALTH INC,0.04
843,GIII,G III APPAREL GROUP LTD,0.04
844,SPNS,SAPIENS INTERNATIONAL NV,0.04
845,ECPG,ENCORE CAPITAL GROUP INC,0.04
846,IDT,IDT CORP CLASS B,0.04
847,THR,THERMON GROUP HOLDINGS INC,0.04
848,PLOW,DOUGLAS DYNAMICS INC,0.03
849,KOP,KOPPERS HOLDINGS INC,0.03
850,PLYM,PLYMOUTH INDUSTRIAL REIT INC,0.03
851,RCUS,ARCUS BIOSCIENCES INC,0.03
852,MTUS,METALLUS INC,0.03
853,RYI,RYERSON HOLDING CORP,0.03
854,MSFUT,CASH COLLATERAL MSFUT USD,0.03
855,EMBC,EMBECTA CORP,0.03
856,URGN,UROGEN PHARMA LTD,0.03
857,BBW,BUILD A BEAR WORKSHOP INC,0.03
858,FCBC,FIRST COMMUNITY BANKSHARES INC,0.03
859,SANA,SANA BIOTECHNOLOGY INC,0.03
860,WGO,WINNEBAGO INDUSTRIES INC,0.03
861,QNST,QUINSTREET INC,0.03
862,SYRE,SPYRE THERAPEUTICS INC,0.03
863,BLMN,BLOOMIN BRANDS INC,0.03
864,TMP,TOMPKINS FINANCIAL CORP,0.03
865,CVI,CVR ENERGY INC,0.03
866,NRIX,NURIX THERAPEUTICS INC,0.03
867,INDI,INDIE SEMICONDUCTOR INC CLASS A,0.03
868,SAFE,SAFEHOLD INC,0.03
869,LILAK,LIBERTY LATIN AMERICA LTD CLASS C,0.03
870,MBIN,MERCHANTS BANCORP,0.03
871,XPRO,EXPRO GROUP HOLDINGS NV,0.03
872,SCS,STEELCASE INC CLASS A,0.03
873,APOG,APOGEE ENTERPRISES INC,0.03
874,CTBI,COMMUNITY TRUST BANCORP INC,0.03
875,UVSP,UNIVEST FINANCIAL CORP,0.03
876,WTTR,SELECT WATER SOLUTIONS INC CLASS A,0.03
877,FBRT,FRANKLIN BSP REALTY TRUST INC,0.03
878,SPTN,SPARTANNASH,0.03
879,ASTE,ASTEC INDUSTRIES INC,0.03
880,DFH,DREAM FINDERS HOMES INC CLASS A,0.03
881,BHRB,BURKE HERBERT FINANCIAL SERVICES C,0.03
882,GOGL,GOLDEN OCEAN GROUP LTD,0.03
883,XPEL,XPEL INC,0.03
884,BLFS,BIOLIFE SOLUTIONS INC,0.03
885,NEO,NEOGENOMICS INC,0.03
886,AMSF,AMERISAFE INC,0.03
887,IMNM,IMMUNOME INC,0.03
888,HFWA,HERITAGE FINANCIAL CORP,0.03
889,VVX,V2X INC,0.03
890,FMBH,FIRST MID BANCSHARES INC,0.03
891,YEXT,YEXT INC,0.03
892,COHU,COHU INC,0.03
893,RVLV,REVOLVE GROUP CLASS A INC,0.03
894,AHCO,ADAPTHEALTH CORP,0.03
895,EXPI,EXP WORLD HOLDINGS INC,0.03
896,MDXG,MIMEDX GROUP INC,0.03
897,OSBC,OLD SECOND BANCORP INC,0.03
898,REX,REX AMERICAN RESOURCES CORP,0.03
899,DEC,DIVERSIFIED ENERGY COMPANY PLC,0.03
900,CABO,CABLE ONE INC,0.03
901,UTL,UNITIL CORP,0.03
902,METC,RAMACO RESOURCES INC CLASS A,0.03
903,XRX,XEROX HOLDINGS CORP,0.03
904,KFRC,KFORCE INC,0.03
905,GERN,GERON CORP,0.03
906,DYN,DYNE THERAPEUTICS INC,0.03
907,BJRI,BJS RESTAURANTS INC,0.03
908,GRPN,GROUPON INC,0.03
909,SNDX,SYNDAX PHARMACEUTICALS INC,0.03
910,MTAL,MAC COPPER LTD,0.03
911,IART,INTEGRA LIFESCIENCES HOLDINGS CORP,0.03
912,AMAL,AMALGAMATED FINANCIAL CORP,0.03
913,RUM,RUMBLE INC CLASS A,0.03
914,AMN,AMN HEALTHCARE INC,0.03
915,ALGT,ALLEGIANT TRAVEL,0.03
916,PPTA,PERPETUA RESOURCES CORP,0.03
917,BBUC,BROOKFIELD BUSINESS CORP CLASS A,0.03
918,DHC,DIVERSIFIED HEALTHCARE TRUST,0.03
919,PNTG,PENNANT GROUP INC,0.03
920,MCB,METROPOLITAN BANK HOLDING CORP,0.03
921,DLX,DELUXE CORP,0.03
922,AMPH,AMPHASTAR PHARMACEUTICALS INC,0.03
923,RWT,REDWOOD TRUST REIT INC,0.03
924,HPP,HUDSON PACIFIC PROPERTIES REIT INC,0.03
925,PAX,PATRIA INVESTMENTS LTD CLASS A,0.03
926,AMWD,AMERICAN WOODMARK CORP,0.03
927,BY,BYLINE BANCORP INC,0.03
928,EVLV,EVOLV TECHNOLOGIES HOLDINGS INC CL,0.03
929,IBCP,INDEPENDENT BANK CORP,0.03
930,MATW,MATTHEWS INTERNATIONAL CORP CLASS,0.03
931,ATUS,ALTICE USA INC CLASS A,0.03
932,TDUP,THREDUP INC CLASS A,0.03
933,TRNS,TRANSCAT INC,0.03
934,CFFN,CAPITOL FEDERAL FINANCIAL INC,0.03
935,GRC,GORMAN-RUPP,0.03
936,ANGI,ANGI INC CLASS A,0.03
937,PDFS,PDF SOLUTIONS INC,0.03
938,CARS,CARS.COM INC,0.03
939,SHEN,SHENANDOAH TELECOMMUNICATIONS,0.03
940,ORC,ORCHID ISLAND CAPITAL INC,0.03
941,CNXN,PC CONNECTION INC,0.03
942,MBWM,MERCANTILE BANK CORP,0.03
943,NXRT,NEXPOINT RESIDENTIAL TRUST INC,0.03
944,FWRG,FIRST WATCH RESTAURANT GROUP INC,0.03
945,AMPX,AMPRIUS TECHNOLOGIES INC,0.03
946,CMP,COMPASS MINERALS INTERNATIONAL INC,0.03
947,ERII,ENERGY RECOVERY INC,0.03
948,SXC,SUNCOKE ENERGY INC,0.03
949,AMTB,AMERANT BANCORP INC CLASS A,0.03
950,BZH,BEAZER HOMES INC,0.03
951,MEG,MONTROSE ENVIRONMENTAL GRP INC,0.03
952,NTGR,NETGEAR INC,0.03
953,CMPR,CIMPRESS PLC,0.03
954,MMI,MARCUS & MILLICHAP INC,0.03
955,XERS,XERIS BIOPHARMA HOLDINGS INC,0.03
956,AEVA,AEVA TECHNOLOGIES INC,0.03
957,BLND,BLEND LABS INC CLASS A,0.03
958,ESQ,ESQUIRE FINANCIAL HOLDINGS INC,0.03
959,GLDD,GREAT LAKES DREDGE AND DOCK CORP,0.03
960,NPKI,NPK INTERNATIONAL INC,0.03
961,RCAT,RED CAT HOLDINGS INC,0.03
962,ELVN,ENLIVEN THERAPEUTICS INC,0.03
963,MRTN,MARTEN TRANSPORT LTD,0.03
964,FLNC,FLUENCE ENERGY INC CLASS A,0.03
965,CDNA,CAREDX INC,0.03
966,FLNG,FLEX LNG LTD,0.03
967,HBNC,HORIZON BANCORP INC,0.03
968,ETD,ETHAN ALLEN INTERIORS INC,0.03
969,ADTN,ADTRAN HOLDINGS INC,0.03
970,VSTS,VESTIS CORP,0.03
971,FWRD,FORWARD AIR CORP,0.03
972,MNMD,MIND MEDICINE SUBORDINATE VOTING I,0.03
973,BDN,BRANDYWINE REALTY TRUST REIT,0.03
974,CRMD,CORMEDIX INC,0.03
975,RC,READY CAPITAL CORP,0.03
976,MTSR,METSERA INC,0.03
977,EVER,EVERQUOTE INC CLASS A,0.03
978,IIIN,INSTEEL INDUSTRIES INC,0.03
979,CAC,CAMDEN NATIONAL CORP,0.03
980,AGL,AGILON HEALTH,0.03
981,UDMY,UDEMY INC,0.03
982,SMP,STANDARD MOTOR PRODUCTS INC,0.03
983,HAFC,HANMI FINANCIAL CORP,0.03
984,VTS,VITESSE ENERGY INC,0.03
985,TROX,TRONOX HOLDINGS PLC,0.03
986,BFST,BUSINESS FIRST BANCSHARES INC,0.03
987,ICHR,ICHOR HOLDINGS LTD,0.03
988,NVRI,ENVIRI CORP,0.03
989,GDYN,GRID DYNAMICS HOLDINGS INC CLASS A,0.03
990,PFBC,PREFERRED BANK,0.03
991,ZYME,ZYMEWORKS INC,0.03
992,DAKT,DAKTRONICS INC,0.03
993,IIIV,I3 VERTICALS INC CLASS A,0.03
994,UVE,UNIVERSAL INSURANCE HOLDINGS INC,0.03
995,HTB,HOMETRUST BANCSHARES INC,0.03
996,IBRX,IMMUNITYBIO INC,0.03
997,SIBN,SI BONE INC,0.03
998,XNCR,XENCOR INC,0.03
999,THFF,FIRST FINANCIAL CORPORATION CORP,0.03
1000,RBCAA,REPUBLIC BANCORP INC CLASS A,0.03
1001,ACEL,ACCEL ENTERTAINMENT INC CLASS A,0.03
1002,PRO,PROS HOLDINGS INC,0.03
1003,AOSL,ALPHA AND OMEGA SEMICONDUCTOR LTD,0.03
1004,MVST,MICROVAST HOLDINGS INC,0.03
1005,FG,F&G ANNUITIES AND LIFE INC,0.03
1006,NBN,NORTHEAST BANK,0.03
1007,MBUU,MALIBU BOATS CLASS A INC,0.03
1008,FIP,FTAI INFRASTRUCTURE INC,0.03
1009,EQBK,EQUITY BANCSHARES INC CLASS A,0.03
1010,LINC,LINCOLN EDUCATIONAL SERVICES CORP,0.03
1011,VMEO,VIMEO INC,0.03
1012,ARIS,ARIS WATER SOLUTIONS INC CLASS A,0.03
1013,TR,TOOTSIE ROLL INDUSTRIES INC,0.03
1014,MCW,MISTER CAR WASH INC,0.03
1015,CMPO,COMPOSECURE INC CLASS A,0.03
1016,ORRF,ORRSTOWN FINANCIAL SERVICES INC,0.03
1017,HSTM,HEALTHSTREAM INC,0.03
1018,NXDR,NEXTDOOR HOLDINGS INC CLASS A,0.02
1019,USNA,USANA HEALTH SCIENCES INC,0.02
1020,ARCT,ARCTURUS THERAPEUTICS HOLDINGS INC,0.02
1021,ULCC,FRONTIER GROUP HOLDINGS INC,0.02
1022,CLBK,COLUMBIA FINANCIAL INC,0.02
1023,DIN,DINE BRANDS GLOBAL INC,0.02
1024,AMRK,A MARK PRECIOUS METALS INC,0.02
1025,LAB,STANDARD BIOTOOLS INC,0.02
1026,OFIX,ORTHOFIX MEDICAL INC,0.02
1027,DNTH,DIANTHUS THERAPEUTICS INC,0.02
1028,BAND,BANDWIDTH INC CLASS A,0.02
1029,MCS,THE MARCUS CORP,0.02
1030,EBF,ENNIS INC,0.02
1031,TBPH,THERAVANCE BIOPHARMA INC,0.02
1032,BYRN,BYRNA TECHNOLOGIES INC,0.02
1033,FULC,FULCRUM THERAPEUTICS INC,0.02
1034,MYGN,MYRIAD GENETICS INC,0.02
1035,CARE,CARTER BANKSHARES INC,0.02
1036,CGEM,CULLINAN THERAPEUTICS INC,0.02
1037,HBCP,HOME BANCORP INC,0.02
1038,CCRN,CROSS COUNTRY HEALTHCARE INC,0.02
1039,CCSI,CONSENSUS CLOUD SOLUTIONS INC,0.02
1040,TRST,TRUSTCO BANK CORP,0.02
1041,EYPT,EYEPOINT PHARMACEUTICALS INC,0.02
1042,CSV,CARRIAGE SERVICES INC,0.02
1043,PRAA,PRA GROUP INC,0.02
1044,BRSP,BRIGHTSPIRE CAPITAL INC CLASS A,0.02
1045,OXM,OXFORD INDUSTRIES INC,0.02
1046,SNCY,SUN COUNTRY AIRLINES HOLDINGS INC,0.02
1047,NBBK,NB BANCORP INC,0.02
1048,PRSU,PURSUIT ATTRACTIONS AND HOSPITALIT,0.02
1049,AMBP,ARDAGH METAL PACKAGING SA,0.02
1050,CPF,CENTRAL PACIFIC FINANCIAL CORP,0.02
1051,GBTG,GLOBAL BUSINESS TRAVEL GROUP INC C,0.02
1052,OEC,ORION SA,0.02
1053,GRND,GRINDR INC,0.02
1054,INVX,INNOVEX INTERNATIONAL INC,0.02
1055,NFE,NEW FORTRESS ENERGY INC CLASS A,0.02
1056,GCT,GIGACLOUD TECHNOLOGY INC CLASS A,0.02
1057,GNK,GENCO SHIPPING AND TRADING LTD,0.02
1058,STKL,SUNOPTA INC,0.02
1059,NUVB,NUVATION BIO INC CLASS A,0.02
1060,ZVRA,ZEVRA THERAPEUTICS INC,0.02
1061,PTLO,PORTILLO S INC CLASS A,0.02
1062,AEHR,AEHR TEST SYSTEMS,0.02
1063,BXC,BLUELINX HOLDINGS INC,0.02
1064,CCBG,CAPITAL CITY BANK INC,0.02
1065,AMRC,AMERESCO INC CLASS A,0.02
1066,IAS,INTEGRAL AD SCIENCE HOLDING CORP,0.02
1067,EGBN,EAGLE BANCORP INC,0.02
1068,GOOD,GLADSTONE COMMERCIAL REIT CORP,0.02
1069,INN,SUMMIT HOTEL PROPERTIES REIT INC,0.02
1070,BYON,BEYOND INC,0.02
1071,MCBS,METROCITY BANKSHARES INC,0.02
1072,HTBK,HERITAGE COMMERCE CORP,0.02
1073,OMI,OWENS & MINOR INC,0.02
1074,BTBT,BIT DIGITAL INC,0.02
1075,SBGI,SINCLAIR INC CLASS A,0.02
1076,HOV,HOVNANIAN ENTERPRISES INC CLASS A,0.02
1077,ODC,OIL DRI CORPORATION OF AMERICA,0.02
1078,REAL,THE REALREAL INC,0.02
1079,BMBL,BUMBLE INC CLASS A,0.02
1080,LQDT,LIQUIDITY SERVICES INC,0.02
1081,PAHC,PHIBRO ANIMAL HEALTH CORP CLASS A,0.02
1082,STGW,STAGWELL INC CLASS A,0.02
1083,UFCS,UNITED FIRE GROUP INC,0.02
1084,WRLD,WORLD ACCEPTANCE CORP,0.02
1085,PSIX,POWER SOLUTIONS INTERNATIONAL INC,0.02
1086,MOFG,MIDWESTONE FINANCIAL GROUP INC,0.02
1087,CTLP,CANTALOUPE INC,0.02
1088,WSR,WHITESTONE REIT,0.02
1089,CASS,CASS INFORMATION SYSTEMS INC,0.02
1090,TRVI,TREVI THERAPEUTICS INC,0.02
1091,KRUS,KURA SUSHI USA INC,0.02
1092,ETWO,E2OPEN PARENT HOLDINGS INC CLASS A,0.02
1093,ASIX,ADVANSIX INC,0.02
1094,NYMT,NEW YORK MORTGAGE TRUST REIT INC,0.02
1095,AVO,MISSION PRODUCE INC,0.02
1096,SMBC,SOUTHERN MISSOURI BANCORP INC,0.02
1097,AIOT,POWERFLEET INC,0.02
1098,TRTX,TPG RE FINANCE TRUST INC,0.02
1099,ZGN,ERMENEGILDO ZEGNA NV,0.02
1100,CLB,CORE LABORATORIES INC,0.02
1101,KALV,KALVISTA PHARMACEUTICALS INC,0.02
1102,LENZ,LENZ THERAPEUTICS INC,0.02
1103,AXGN,AXOGEN INC,0.02
1104,STOK,STOKE THERAPEUTICS INC,0.02
1105,HCKT,HACKETT GROUP INC,0.02
1106,AXL,AMERICAN AXLE AND MANUFACTURING HO,0.02
1107,EE,EXCELERATE ENERGY INC CLASS A,0.02
1108,FIGS,FIGS INC CLASS A,0.02
1109,EU,ENCORE ENERGY CORP,0.02
1110,JAMF,JAMF HOLDING CORP,0.02
1111,AMLX,AMYLYX PHARMACEUTICALS INC,0.02
1112,NABL,N ABLE INC,0.02
1113,ALNT,ALLIENT INC,0.02
1114,MPB,MID PENN BANCORP INC,0.02
1115,GSM,FERROGLOBE PLC,0.02
1116,SMBK,SMARTFINANCIAL INC,0.02
1117,BKSY,BLACKSKY TECHNOLOGY INC CLASS A,0.02
1118,GDOT,GREEN DOT CORP CLASS A,0.02
1119,ATYR,ATYR PHARMA INC,0.02
1120,MYE,MYERS INDUSTRIES INC,0.02
1121,SLDP,SOLID POWER INC CLASS A,0.02
1122,FTRE,FORTREA HOLDINGS INC,0.02
1123,RGR,STURM RUGER INC,0.02
1124,SITC,SITE CENTERS CORP,0.02
1125,GDEN,GOLDEN ENTERTAINMENT INC,0.02
1126,AHH,ARMADA HOFFLER PROPERTIES REIT INC,0.02
1127,ASPI,ASP ISOTOPES INC,0.02
1128,GHM,GRAHAM CORP,0.02
1129,LFST,LIFESTANCE HEALTH GROUP INC,0.02
1130,OSPN,ONESPAN INC,0.02
1131,PX,P10 INC CLASS A,0.02
1132,ALX,ALEXANDERS REIT INC,0.02
1133,GCMG,GCM GROSVENOR INC CLASS A,0.02
1134,RDW,REDWIRE CORP,0.02
1135,HELE,HELEN OF TROY LTD,0.02
1136,DOMO,DOMO INC CLASS B,0.02
1137,NAT,NORDIC AMERICAN TANKERS LTD,0.02
1138,SFIX,STITCH FIX INC CLASS A,0.02
1139,SPFI,SOUTH PLAINS FINANCIAL INC,0.02
1140,SERV,SERVE ROBOTICS INC,0.02
1141,CBL,CBL ASSOCIATES PROPERTIES INC,0.02
1142,APPS,DIGITAL TURBINE INC,0.02
1143,IVR,INVESCO MORTGAGE CAPITAL REIT INC,0.02
1144,GSBC,GREAT SOUTHERN BANCORP INC,0.02
1145,FSBC,FIVE STAR BANCORP,0.02
1146,UHT,UNIVERSAL HEALTH REALTY INCOME TRU,0.02
1147,DNA,GINKGO BIOWORKS HOLDINGS INC CLASS,0.02
1148,NPK,NATIONAL PRESTO INDUSTRIES INC,0.02
1149,NRIM,NORTHRIM BANCORP INC,0.02
1150,GPRE,GREEN PLAINS INC,0.02
1151,CCNE,CNB FINANCIAL CORP,0.02
1152,MLNK,MERIDIANLINK INC,0.02
1153,AVNS,AVANOS MEDICAL INC,0.02
1154,CEVA,CEVA INC,0.02
1155,NVGS,NAVIGATOR HOLDINGS LTD,0.02
1156,GCI,GANNETT CO INC,0.02
1157,PUBM,PUBMATIC INC CLASS A,0.02
1158,CLFD,CLEARFIELD INC,0.02
1159,FISI,FINANCIAL INSTITUTIONS INC,0.02
1160,ORIC,ORIC PHARMACEUTICALS INC,0.02
1161,BOW,BOWHEAD SPECIALTY HOLDINGS INC,0.02
1162,CTO,CTO REALTY GROWTH INC,0.02
1163,ASPN,ASPEN AEROGELS INC,0.02
1164,TNGX,TANGO THERAPEUTICS INC,0.02
1165,TIPT,TIPTREE INC,0.02
1166,FMNB,FARMERS NATIONAL BANC CORP,0.02
1167,KREF,KKR REAL ESTATE FINANCE INC TRUST,0.02
1168,JBSS,JOHN B SANFILIPPO AND SON INC,0.02
1169,WASH,WASHINGTON TRUST BANCORP INC,0.02
1170,NLOP,NET LEASE OFFICE PROPERTIES,0.02
1171,VTLE,VITAL ENERGY INC,0.02
1172,PACS,PACS GROUP INC,0.02
1173,SHBI,SHORE BANCSHARES INC,0.02
1174,ANAB,ANAPTYSBIO INC,0.02
1175,APEI,AMERICAN PUBLIC EDUCATION INC,0.02
1176,ODP,ODP CORP,0.02
1177,HY,HYSTER YALE INC CLASS A,0.02
1178,ZIMV,ZIMVIE INC,0.02
1179,VIR,VIR BIOTECHNOLOGY INC,0.02
1180,MLYS,MINERALYS THERAPEUTICS INC,0.02
1181,CAL,CALERES INC,0.02
1182,RDVT,RED VIOLET INC,0.02
1183,HZO,MARINEMAX INC,0.02
1184,BHB,BAR HARBOR BANKSHARES,0.02
1185,PKST,PEAKSTONE REALTY TRUST CLASS E,0.02
1186,ARVN,ARVINAS INC,0.02
1187,IBTA,IBOTTA INC CLASS A,0.02
1188,HNRG,HALLADOR ENERGY,0.02
1189,OPK,OPKO HEALTH INC,0.02
1190,WLFC,WILLIS LEASE FINANCE CORP,0.02
1191,RUSHB,RUSH ENTERPRISES INC CLASS B,0.02
1192,CYH,COMMUNITY HEALTH SYSTEMS INC,0.02
1193,NAGE,NIAGEN BIOSCIENCE INC,0.02
1194,AVBP,ARRIVENT BIOPHARMA INC,0.02
1195,EOLS,EVOLUS INC,0.02
1196,NGVC,NATURAL GROCERS BY VITAMIN COTTAGE,0.02
1197,HOUS,ANYWHERE REAL ESTATE INC,0.02
1198,RLAY,RELAY THERAPEUTICS INC,0.02
1199,ALRS,ALERUS FINANCIAL CORP,0.02
1200,FOR,FORESTAR GROUP INC,0.02
1201,KURA,KURA ONCOLOGY INC,0.02
1202,DJCO,DAILY JOURNAL CORP,0.02
1203,EVGO,EVGO INC CLASS A,0.02
1204,SSTK,SHUTTERSTOCK INC,0.02
1205,MNRO,MONRO INC,0.02
1206,SENEA,SENECA FOODS CORP CLASS A,0.02
1207,HRTG,HERITAGE INSURANCE HOLDINGS INC,0.02
1208,SCHL,SCHOLASTIC CORP,0.02
1209,SAGE,SAGE THERAPEUTICS INC,0.02
1210,ARHS,ARHAUS INC CLASS A,0.02
1211,FSUN,FIRSTSUN CAPITAL BANCORP,0.02
1212,KROS,KEROS THERAPEUTICS INC,0.02
1213,PFIS,PEOPLES FINANCIAL SERVICES CORP,0.02
1214,PUMP,PROPETRO HOLDING CORP,0.02
1215,LIND,LINDBLAD EXPEDITIONS HOLDINGS INC,0.02
1216,LYTS,LSI INDUSTRIES INC,0.02
1217,DAWN,DAY ONE BIOPHARMACEUTICALS INC,0.02
1218,NBR,NABORS INDUSTRIES LTD,0.02
1219,FPI,FARMLAND PARTNERS INC,0.02
1220,HIPO,HIPPO HOLDINGS INC,0.02
1221,BORR,BORR DRILLING LTD,0.02
1222,ABUS,ARBUTUS BIOPHARMA CORP,0.02
1223,TWI,TITAN INTERNATIONAL INC,0.02
1224,SVC,SERVICE PROPERTIES TRUST,0.02
1225,CSTL,CASTLE BIOSCIENCES INC,0.02
1226,NUS,NU SKIN ENTERPRISES INC CLASS A,0.02
1227,HONE,HARBORONE BANCORP INC,0.02
1228,KE,KIMBALL ELECTRONICS INC,0.02
1229,AROW,ARROW FINANCIAL CORP,0.02
1230,MLR,MILLER INDUSTRIES INC,0.02
1231,BWMN,BOWMAN CONSULTING GROUP LTD,0.02
1232,CODI,COMPASS DIVERSIFIED,0.02
1233,PACB,PACIFIC BIOSCIENCES OF CALIFORNIA,0.02
1234,TSSI,TSS INC,0.02
1235,TTI,TETRA TECHNOLOGIES INC,0.02
1236,GTN,GRAY MEDIA INC,0.02
1237,GMRE,GLOBAL MEDICAL REIT INC,0.02
1238,KODK,EASTMAN KODAK,0.02
1239,MTW,MANITOWOC INC,0.02
1240,WEAV,WEAVE COMMUNICATIONS INC,0.02
1241,LXU,LSB INDUSTRIES INC,0.02
1242,CRSR,CORSAIR GAMING INC,0.02
1243,BSRR,SIERRA BANCORP,0.02
1244,JACK,JACK IN THE BOX INC,0.02
1245,CLW,CLEARWATER PAPER CORP,0.02
1246,NRDS,NERDWALLET INC CLASS A,0.02
1247,SEMR,SEMRUSH HOLDINGS INC CLASS A,0.02
1248,TCBX,THIRD COAST BANCSHARES INC,0.02
1249,PSFE,PAYSAFE LTD,0.02
1250,CENT,CENTRAL GARDEN AND PET,0.02
1251,FBIZ,FIRST BUSINESS FINANCIAL SERVICES,0.02
1252,CVGW,CALAVO GROWERS INC,0.02
1253,REAX,REAL BROKERAGE INC,0.02
1254,TREE,LENDINGTREE INC,0.02
1255,CMCO,COLUMBUS MCKINNON CORP,0.02
1256,NFBK,NORTHFIELD BANCORP INC,0.02
1257,CHCT,COMMUNITY HEALTHCARE TRUST INC,0.02
1258,MAGN,MAGNERA CORP,0.02
1259,THRY,THRYV HOLDINGS INC,0.02
1260,DHIL,DIAMOND HILL INVESTMENT GROUP INC,0.02
1261,IRMD,IRADIMED CORP,0.02
1262,MGPI,MGP INGREDIENTS INC,0.02
1263,PGC,PEAPACK GLADSTONE FINANCIAL CORP,0.02
1264,CWCO,CONSOLIDATED WATER LTD,0.02
1265,RES,RPC INC,0.02
1266,TSHA,TAYSHA GENE THERAPIES INC,0.02
1267,SRDX,SURMODICS INC,0.02
1268,WNC,WABASH NATIONAL CORP,0.02
1269,CRNC,CERENCE INC,0.02
1270,TERN,TERNS PHARMACEUTICALS INC,0.02
1271,BATRA,ATLANTA BRAVES HOLDINGS INC SERIES,0.02
1272,GNE,GENIE ENERGY LTD CLASS B,0.02
1273,HNST,THE HONEST COMPANY INC,0.02
1274,CMRE,COSTAMARE INC,0.02
1275,SLDB,SOLID BIOSCIENCES INC,0.02
1276,NEXN,NEXXEN INTERNATIONAL LTD,0.02
1277,UNTY,UNITY BANCORP INC,0.02
1278,JELD,JELD WEN HOLDING INC,0.02
1279,CNDT,CONDUENT INC,0.02
1280,HBT,HBT FINANCIAL INC,0.02
1281,CVLG,COVENANT LOGISTICS GROUP INC CLASS,0.02
1282,CELC,CELCUITY INC,0.02
1283,CLMB,CLIMB GLOBAL SOLUTIONS INC,0.02
1284,BMRC,BANK OF MARIN BANCORP,0.02
1285,COFS,CHOICEONE FINANCIAL SERVICES INC,0.02
1286,CRMT,AMERICAS CAR MART INC,0.02
1287,TITN,TITAN MACHINERY INC,0.02
1288,KELYA,KELLY SERVICES INC CLASS A,0.02
1289,OLP,ONE LIBERTY PROPERTIES REIT INC,0.02
1290,CBNK,CAPITAL BANCORP INC,0.02
1291,MITK,MITEK SYSTEMS INC,0.02
1292,GNTY,GUARANTY BANCSHARES INC,0.02
1293,EBS,EMERGENT BIOSOLUTIONS INC,0.02
1294,RPAY,REPAY HOLDINGS CORP CLASS A,0.02
1295,YORW,YORK WATER,0.02
1296,LFMD,LIFEMD INC,0.02
1297,TK,TEEKAY CORPORATION CORP LTD,0.02
1298,UPB,UPSTREAM BIO INC,0.02
1299,BCAX,BICARA THERAPEUTICS INC,0.02
1300,NWPX,NWPX INFRASTRUCTURE INC,0.02
1301,IPI,INTREPID POTASH INC,0.02
1302,CPS,COOPER STANDARD HOLDINGS INC,0.02
1303,BFLY,BUTTERFLY NETWORK INC CLASS A,0.02
1304,TRC,TEJON RANCH,0.02
1305,CMCL,CALEDONIA MINING PLC,0.02
1306,MATV,MATIV HOLDINGS INC,0.02
1307,RGNX,REGENXBIO INC,0.02
1308,SCVL,SHOE CARNIVAL INC,0.02
1309,ACNB,ACNB CORP,0.02
1310,AMBC,AMBAC FINANCIAL GROUP INC,0.02
1311,HTLD,HEARTLAND EXPRESS INC,0.02
1312,RNAC,CARTESIAN THERAPEUTICS INC,0.01
1313,SMID,SMITH MIDLAND CORP,0.01
1314,EPM,EVOLUTION PETROLEUM CORP,0.01
1315,LWAY,LIFEWAY FOODS INC,0.01
1316,HLLY,HOLLEY INC,0.01
1317,CVRX,CVRX INC,0.01
1318,BKKT,BAKKT HOLDINGS INC CLASS A,0.01
1319,IRWD,IRONWOOD PHARMA INC CLASS A,0.01
1320,ENVXW,ENOVIX EQUITY WARRANTS EXP ST OCTO,0.01
1321,THRD,THIRD HARMONIC BIO INC,0.01
1322,FATE,FATE THERAPEUTICS INC,0.01
1323,KRO,KRONOS WORLDWIDE INC,0.01
1324,LDI,LOANDEPOT INC CLASS A,0.01
1325,BNED,BARNES AND NOBLE EDUCATION INC,0.01
1326,LUNG,PULMONX CORP,0.01
1327,CIA,CITIZENS INC CLASS A,0.01
1328,ALEC,ALECTOR INC,0.01
1329,FUNC,FIRST UNITED CORP,0.01
1330,PBFS,PIONEER BANCORP INC,0.01
1331,CLNE,CLEAN ENERGY FUELS CORP,0.01
1332,MLAB,MESA LABORATORIES INC,0.01
1333,ORKA,ORUKA THERAPEUTICS INC,0.01
1334,GLRE,GREENLIGHT CAPITAL LTD CLASS A,0.01
1335,GBFH,GBANK FINL HLDGS INC,0.01
1336,GIC,GLOBAL INDUSTRIAL,0.01
1337,EGY,VAALCO ENERGY INC,0.01
1338,HIFS,HINGHAM INSTITUTION FOR SAVINGS,0.01
1339,RZLT,REZOLUTE INC,0.01
1340,FFIC,FLUSHING FINANCIAL CORP,0.01
1341,KIDS,ORTHOPEDIATRICS CORP,0.01
1342,FLGT,FULGENT GENETICS INC,0.01
1343,CTKB,CYTEK BIOSCIENCES INC,0.01
1344,ETON,ETON PHARMACEUTCIALS INC,0.01
1345,MTRX,MATRIX SERVICE,0.01
1346,RBBN,RIBBON COMMUNICATIONS INC,0.01
1347,AQST,AQUESTIVE THERAPEUTICS INC,0.01
1348,FMAO,FARMERS AND MERCHANTS BANCORP INC,0.01
1349,KRNY,KEARNY FINANCIAL CORP,0.01
1350,BFS,SAUL CENTERS REIT INC,0.01
1351,SWBI,SMITH WESSON BRANDS INC,0.01
1352,EVEX,EVE HOLDING INC,0.01
1353,SD,SANDRIDGE ENERGY INC,0.01
1354,RIGL,RIGEL PHARMACEUTICALS INC,0.01
1355,RBB,RBB BANCORP,0.01
1356,MSBI,MIDLAND STATES BANCORP INC,0.01
1357,CWBC,COMMUNITY WEST BANCSHARES,0.01
1358,CIVB,CIVISTA BANCSHARES INC,0.01
1359,NVEC,NVE CORP,0.01
1360,ABSI,ABSCI CORP,0.01
1361,CYRX,CRYOPORT INC,0.01
1362,CBLL,CERIBELL INC,0.01
1363,CTOS,CUSTOM TRUCK ONE SOURCE INC,0.01
1364,ANGO,ANGIODYNAMICS INC,0.01
1365,GEVO,GEVO INC,0.01
1366,REPX,RILEY EXPLORATION PERMIAN INC,0.01
1367,VTEX,VTEX CLASS A,0.01
1368,SFST,SOUTHERN FIRST BANCSHARES INC,0.01
1369,GOSS,GOSSAMER BIO INC,0.01
1370,ACCO,ACCO BRANDS CORP,0.01
1371,MGTX,MEIRAGTX HOLDINGS PLC,0.01
1372,DC,DAKOTA GOLD CORP,0.01
1373,FLOC,FLOWCO HOLDINGS INC CLASS A,0.01
1374,LAND,GLADSTONE LAND REIT CORP,0.01
1375,ASC,ARDMORE SHIPPING CORP,0.01
1376,TRML,TOURMALINE BIO INC,0.01
1377,BCAL,CALIFORNIA BANCORP,0.01
1378,BGS,B AND G FOODS INC,0.01
1379,TNXP,TONIX PHARMACEUTICALS HOLDING CORP,0.01
1380,CTEV,CLARITEV CORP CLASS A,0.01
1381,ORGO,ORGANOGENESIS HOLDINGS INC CLASS A,0.01
1382,NESR,NATIONAL ENERGY SERVICES REUNITED,0.01
1383,WTBA,WEST BANCORPORATION INC,0.01
1384,ARKO,ARKO,0.01
1385,PLPC,PREFORMED LINE PRODUCTS,0.01
1386,CTRI,CENTURI HOLDINGS INC,0.01
1387,DCTH,DELCATH SYS INC,0.01
1388,CLDT,CHATHAM LODGING TRUST REIT,0.01
1389,CBAN,COLONY BANKCORP INC,0.01
1390,MAX,MEDIAALPHA INC CLASS A,0.01
1391,BIGC,BIGCOMMERCE HOLDINGS INC SERIES,0.01
1392,MVIS,MICROVISION INC,0.01
1393,TTAM,TITAN AMERICA SA,0.01
1394,PHAT,PHATHOM PHARMACEUTICALS INC,0.01
1395,VLGEA,VILLAGE SUPER MARKET INC CLASS A,0.01
1396,PBPB,POTBELLY CORP,0.01
1397,OM,OUTSET MEDICAL INC,0.01
1398,BWB,BRIDGEWATER BANCSHARES INC,0.01
1399,BCML,BAYCOM CORP,0.01
1400,EHAB,ENHABIT INC,0.01
1401,OIS,OIL STATES INTERNATIONAL INC,0.01
1402,DNUT,KRISPY KREME INC,0.01
1403,VPG,VISHAY PRECISION GROUP INC,0.01
1404,FRBA,FIRST BANK,0.01
1405,XPER,XPERI INC,0.01
1406,NNOX,NANO X IMAGING LTD,0.01
1407,PSNL,PERSONALIS INC,0.01
1408,ZEUS,OLYMPIC STEEL INC,0.01
1409,WOOF,PETCO HEALTH AND WELLNESS COMPANY,0.01
1410,UAMY,UNITED STATES ANTIMONY CORP,0.01
1411,IBEX,IBEX LTD,0.01
1412,CZNC,CITIZENS AND NORTHERN CORP,0.01
1413,HDSN,HUDSON TECHNOLOGIES INC,0.01
1414,NECB,NORTHEAST COMMUNITY BANCORP INC,0.01
1415,ALT,ALTIMMUNE INC,0.01
1416,BKV,BKV CORP,0.01
1417,DGICA,DONEGAL GROUP INC CLASS A,0.01
1418,PSTL,POSTAL REALTY TRUST INC CLASS A,0.01
1419,NCMI,NATIONAL CINEMEDIA INC,0.01
1420,SMLR,SEMLER SCIENTIFIC INC,0.01
1421,SPOK,SPOK HOLDINGS INC,0.01
1422,GEFB,GREIF INC CLASS B,0.01
1423,ORN,ORION GROUP INC,0.01
1424,HUMA,HUMACYTE INC,0.01
1425,FFWM,FIRST FOUNDATION INC,0.01
1426,MCFT,MASTERCRAFT BOAT HOLDINGS INC,0.01
1427,NEWT,NEWTEKONE INC,0.01
1428,FRPH,FRP HOLDINGS INC,0.01
1429,TALK,TALKSPACE INC,0.01
1430,AEBI,AEBI SCHMIDT HOLDING AG,0.01
1431,VREX,VAREX IMAGING CORP,0.01
1432,FNLC,FIRST BANCORP INC,0.01
1433,CMTG,CLAROS MORTGAGE TRUST INC,0.01
1434,MAMA,MAMAS CREATIONS INC,0.01
1435,NUTX,NUTEX HEALTH INC,0.01
1436,BYND,BEYOND MEAT INC,0.01
1437,RICK,RCI HOSPITALITY HOLDINGS INC,0.01
1438,KLC,KINDERCARE LEARNING COMPANIES INC,0.01
1439,PKE,PARK AEROSPACE CORP,0.01
1440,KOPN,KOPIN CORP,0.01
1441,SWIM,LATHAM GROUP INC,0.01
1442,MRVI,MARAVAI LIFESCIENCES HOLDINGS INC,0.01
1443,RZLV,REZOLVE AI PLC,0.01
1444,PAYS,PAYSIGN INC,0.01
1445,CLPT,CLEARPOINT NEURO INC,0.01
1446,ALDX,ALDEYRA THERAPEUTICS INC,0.01
1447,HVT,HAVERTY FURNITURE COMPANIES INC,0.01
1448,BOC,BOSTON OMAHA CORP CLASS A,0.01
1449,SPIR,SPIRE GLOBAL INC CLASS A,0.01
1450,ZIP,ZIPRECRUITER INC CLASS A,0.01
1451,OOMA,OOMA INC,0.01
1452,ITIC,INVESTORS TITLE,0.01
1453,LXFR,LUXFER HOLDINGS PLC,0.01
1454,SVRA,SAVARA INC,0.01
1455,RM,REGIONAL MANAGEMENT CORP,0.01
1456,CMPX,COMPASS THERAPEUTICS,0.01
1457,NEON,NEONODE INC,0.01
1458,FSBW,FS BANCORP INC,0.01
1459,XPOF,XPONENTIAL FITNESS INC CLASS A,0.01
1460,SEPN,SEPTERNA INC,0.01
1461,ABEO,ABEONA THERAPEUTICS INC,0.01
1462,EDIT,EDITAS MEDICINE INC,0.01
1463,LOCO,EL POLLO LOCO INC,0.01
1464,PKBK,PARKE BANCORP INC,0.01
1465,ERAS,ERASCA INC,0.01
1466,SIGA,SIGA TECHNOLOGIES INC,0.01
1467,ATLC,ATLANTICUS HOLDINGS CORP,0.01
1468,ITOS,ITEOS THERAPEUTICS INC,0.01
1469,HRTX,HERON THERAPEUTICS INC,0.01
1470,ILPT,INDUSTRIAL LOGISTICS PROPERTIES TR,0.01
1471,MVBF,MVB FINANCIAL CORP,0.01
1472,SLQT,SELECTQUOTE INC,0.01
1473,BVS,BIOVENTUS CLASS A INC,0.01
1474,UIS,UNISYS CORP,0.01
1475,GRNT,GRANITE RIDGE RESOURCES INC,0.01
1476,ATXS,ASTRIA THERAPEUTICS INC,0.01
1477,SKYT,SKYWATER TECHNOLOGY INC,0.01
1478,JBIO,JADE BIOSCIENCES INC,0.01
1479,RRBI,RED RIVER BANCSHARES INC,0.01
1480,ACIC,AMERICAN COASTAL INSURANCE CORP,0.01
1481,DSGR,DISTRIBUTION SOLUTIONS GROUP INC,0.01
1482,CZFS,CITIZENS FINANCIAL SERVICES INC,0.01
1483,TSBK,TIMBERLAND BANCORP INC,0.01
1484,BLZE,BACKBLAZE INC CLASS A,0.01
1485,PCB,PCB BANCORP,0.01
1486,OBT,ORANGE COUNTY BANCORP INC,0.01
1487,TMCI,TREACE MEDICAL CONCEPTS INC,0.01
1488,OPFI,OPPFI INC CLASS A,0.01
1489,IMXI,INTERNATIONAL MONEY EXPRESS INC,0.01
1490,RXST,RXSIGHT INC,0.01
1491,PRME,PRIME MEDICINE INC,0.01
1492,HCAT,HEALTH CATALYST INC,0.01
1493,CDXS,CODEXIS INC,0.01
1494,RMR,RMR GROUP INC CLASS A,0.01
1495,LOVE,LOVESAC COMPANY,0.01
1496,PLTK,PLAYTIKA HOLDING CORP,0.01
1497,BWFG,BANKWELL FINANCIAL GROUP INC,0.01
1498,BLDE,BLADE AIR MOBILITY INC CLASS A,0.01
1499,ATEX,ANTERIX INC,0.01
1500,OLMA,OLEMA PHARMACEUTICALS INC,0.01
1501,CRCT,CRICUT INC CLASS A,0.01
1502,AVNW,AVIAT NETWORKS INC,0.01
1503,RCKT,ROCKET PHARMACEUTICALS INC,0.01
1504,RYAM,RAYONIER ADVANCED MATERIALS INC,0.01
1505,AURA,AURA BIOSCIENCES INC,0.01
1506,PDYN,PALLADYNE AI CORP,0.01
1507,STRT,STRATTEC SECURITY CORP,0.01
1508,RAPP,RAPPORT THERAPEUTICS INC,0.01
1509,ARDT,ARDENT HEALTH INC,0.01
1510,VNDA,VANDA PHARMACEUTICALS INC,0.01
1511,EGHT,8X8 INC,0.01
1512,ESPR,ESPERION THERAPEUTICS INC,0.01
1513,GCO,GENESCO INC,0.01
1514,FRST,PRIMIS FINANCIAL CORP,0.01
1515,LPRO,OPEN LENDING CORP,0.01
1516,PVLA,PALVELLA THERAPEUTICS INC,0.01
1517,PDLB,PONCE FINANCIAL GROUP INC,0.01
1518,CADL,CANDEL THERAPEUTICS INC,0.01
1519,MOV,MOVADO GROUP INC,0.01
1520,GLUE,MONTE ROSA THERAPEUTICS INC,0.01
1521,PLSE,PULSE BIOSCIENCES INC,0.01
1522,AIP,ARTERIS INC,0.01
1523,BRY,BERRY,0.01
1524,ONIT,ONITY GROUP INC,0.01
1525,LTBR,LIGHTBRIDGE CORP,0.01
1526,AVIR,ATEA PHARMACEUTICALS INC,0.01
1527,DDD,3D SYSTEMS CORP,0.01
1528,ASUR,ASURE SOFTWARE INC,0.01
1529,PHLT,PERFORMANT HEALTHCARE INC,0.01
1530,CAPR,CAPRICOR THERAPEUTICS INC,0.01
1531,SNWV,SANUWAVE HEALTH INC,0.01
1532,CATX,PERSPECTIVE THERAPEUTICS INC,0.01
1533,PLBC,PLUMAS BANCORP,0.01
1534,CERS,CERUS CORP,0.01
1535,QSI,QUANTUM SI INC CLASS A,0.01
1536,TYRA,TYRA BIOSCIENCES INC,0.01
1537,CRDF,CARDIFF ONCOLOGY INC,0.01
1538,PRTA,PROTHENA PLC,0.01
1539,KFS,KINGSWAY FINANCIAL SERVICES INC,0.01
1540,SATL,SATELLOGIC INC CLASS A,0.01
1541,VSTM,VERASTEM INC,0.01
1542,SVV,SAVERS VALUE VILLAGE INC,0.01
1543,HMST,HOMESTREET INC,0.01
1544,OSUR,ORASURE TECHNOLOGIES INC,0.01
1545,ACRE,ARES COMMERCIAL REAL ESTATE REIT C,0.01
1546,WEST,WESTROCK COFFEE,0.01
1547,ABAT,AMERICAN BATTERY TECHNOLOGY COMPAN,0.01
1548,TECX,TECTONIC THERAPEUTIC INC,0.01
1549,NATH,NATHANS FAMOUS INC,0.01
1550,TCMD,TACTILE SYSTEMS TECHNOLOGY INC,0.01
1551,GRDN,GUARDIAN PHARMACY SERVICES INC CLA,0.01
1552,PGEN,PRECIGEN INC,0.01
1553,TH,TARGET HOSPITALITY CORP,0.01
1554,LMNR,LIMONEIRA,0.01
1555,ADCT,ADC THERAPEUTICS SA,0.01
1556,IDR,IDAHO STRATEGIC RESOURCES INC,0.01
1557,TBRG,TRUBRIDGE INC,0.01
1558,RMNI,RIMINI STREET INC,0.01
1559,JMSB,JOHN MARSHALL BANCORP INC,0.01
1560,NGS,NATURAL GAS SERVICES GROUP INC,0.01
1561,SION,SIONNA THERAPEUTICS INC,0.01
1562,CRVS,CORVUS PHARMACEUTICALS INC,0.01
1563,SMC,SUMMIT MIDSTREAM CORP,0.01
1564,SB,SAFE BULKERS INC,0.01
1565,BSVN,BANK7 CORP,0.01
1566,FFAI,FARADAY FUTURE INTELLIGENT ELECTRI,0.01
1567,ZBIO,ZENAS BIOPHARMA INC,0.01
1568,WSBF,WATERSTONE FINANCIAL INC,0.01
1569,TG,TREDEGAR CORP,0.01
1570,ALLO,ALLOGENE THERAPEUTICS INC,0.01
1571,MEI,METHODE ELECTRONICS INC,0.01
1572,FSTR,LB FOSTER,0.01
1573,NPCE,NEUROPACE INC,0.01
1574,ZUMZ,ZUMIEZ INC,0.01
1575,HYLN,HYLIION HOLDINGS CORP,0.01
1576,MBI,MBIA INC,0.01
1577,TBCH,TURTLE BEACH CORP,0.01
1578,INBX,INHIBRX BIOSCIENCES INC,0.01
1579,NGNE,NEUROGENE INC,0.01
1580,BRBS,BLUE RIDGE BANKSHARES INC,0.01
1581,ANNX,ANNEXON INC,0.01
1582,MBCN,MIDDLEFIELD BANC CORP,0.01
1583,REFI,CHICAGO ATLANTIC REAL ESTATE FINAN,0.01
1584,MXCT,MAXCYTE INC,0.01
1585,QTRX,QUANTERIX CORP,0.01
1586,OPRX,OPTIMIZERX CORP,0.01
1587,INBK,FIRST INTERNET BANCORP,0.01
1588,FVR,FRONTVIEW REIT INC,0.01
1589,INSE,INSPIRED ENTERTAINMENT INC,0.01
1590,KULR,KULR TECHNOLOGY GROUP INC,0.01
1591,DENN,DENNYS CORP,0.01
1592,CIO,CITY OFFICE REIT INC,0.01
1593,TBI,TRUEBLUE INC,0.01
1594,XOMA,XOMA ROYALTY CORP,0.01
1595,TTGT,TECHTARGET INC,0.01
1596,OPRT,OPORTUN FINANCIAL CORP,0.01
1597,OLPX,OLAPLEX HOLDINGS INC,0.01
1598,MBX,MBX BIOSCIENCES INC,0.01
1599,MITT,AG MORTGAGE INVESTMENT TRUST REIT,0.01
1600,FDBC,FIDELITY D AND D BANCORP INC,0.01
1601,IHRT,IHEARTMEDIA INC CLASS A,0.01
1602,ISTR,INVESTAR HOLDING CORP,0.01
1603,AMCX,AMC NETWORKS CLASS A INC,0.01
1604,SKIN,BEAUTY HEALTH COMPANY CLASS A CLAS,0.01
1605,RNGR,RANGER ENERGY SERVICES INC CLASS A,0.01
1606,JRVR,JAMES RIVER GROUP HOLDINGS LTD,0.01
1607,REPL,REPLIMUNE GROUP INC,0.01
1608,SLP,SIMULATIONS PLUS INC,0.01
1609,MEC,MAYVILLE ENGINEERING COMPANY INC,0.01
1610,MPAA,MOTORCAR PARTS OF AMERICA INC,0.01
1611,OMER,OMEROS CORP,0.01
1612,IMMR,IMMERSION CORP,0.01
1613,FC,FRANKLIN COVEY,0.01
1614,KGEI,KOLIBRI GLOBAL ENERGY INC,0.01
1615,KOD,KODIAK SCIENCES INC,0.01
1616,BH,BIGLARI HOLDINGS INCINARY CLASS B,0.01
1617,TOI,ONCOLOGY INSTITUTE INC,0.01
1618,DSP,VIANT TECHNOLOGY INC CLASS A,0.01
1619,FET,FORUM ENERGY TECHNOLOGIES INC,0.01
1620,STRZ,STARZ ENTERTAINMENT CORP,0.01
1621,MYFW,FIRST WESTERN FINANCIAL INC,0.01
1622,LILA,LIBERTY LATIN AMERICA LTD CLASS A,0.01
1623,PESI,PERMA FIX ENVIRONMENTAL SERVICES I,0.01
1624,VEL,VELOCITY FINANCIAL INC,0.01
1625,OABI,OMNIAB INC,0.01
1626,DOUG,DOUGLAS ELLIMAN INC,0.01
1627,NATR,NATURES SUNSHINE PRODUCTS INC,0.01
1628,SKYH,SKY HARBOUR GROUP CORP CLASS A,0.01
1629,ALMS,ALUMIS INC,0.01
1630,VMD,VIEMED HEALTHCARE INC,0.01
1631,CRDA,CRAWFORD CLASS A,0.01
1632,FVCB,FVCBANKCORP INC,0.01
1633,SSP,EW SCRIPPS CLASS A,0.01
1634,GETY,GETTY IMAGES HOLDINGS INC CLASS A,0.01
1635,MASS,908 DEVICES INC,0.01
1636,INR,INFINITY NATURAL RESOURCES INC CLA,0.01
1637,JAKK,JAKKS PACIFIC INC,0.01
1638,CHMG,CHEMUNG FINANCIAL CORP,0.01
1639,BLFY,BLUE FOUNDRY BANCORP,0.01
1640,ASLE,AERSALE CORP,0.01
1641,OVLY,OAK VALLEY BANCORP,0.01
1642,LFCR,LIFECORE BIOMEDICAL INC,0.01
1643,EVCM,EVERCOMMERCE INC,0.01
1644,TRAK,REPOSITRAK INC,0.01
1645,DMRC,DIGIMARC CORP,0.01
1646,ELDN,ELEDON PHARMACEUTICALS INC,0.01
1647,LCNB,LCNB CORP,0.01
1648,HSHP,HIMALAYA SHIPPING LTD,0.01
1649,RLGT,RADIANT LOGISTIC INC,0.01
1650,KMTS,KESTRA MEDICAL TECHNOLOGIES LTD,0.01
1651,LEGH,LEGACY HOUSING CORP,0.01
1652,WBTN,WEBTOON ENTERTAINMENT INC,0.01
1653,NWFL,NORWOOD FINANCIAL CORP,0.01
1654,SNBR,SLEEP NUMBER CORP,0.01
1655,BBNX,BETA BIONICS INC,0.01
1656,KRT,KARAT PACKAGING INC,0.01
1657,ALCO,ALICO INC,0.01
1658,FHTX,FOGHORN THERAPEUTICS INC,0.01
1659,PLL,PIEDMONT LITHIUM INC,0.01
1660,AVAH,AVEANNA HEALTHCARE HOLDINGS INC,0.01
1661,EB,EVENTBRITE CLASS A INC,0.01
1662,ALMU,AELUMA INC,0.01
1663,FENC,FENNEC PHARMACEUTICALS INC,0.01
1664,FDMT,4D MOLECULAR THERAPEUTICS INC,0.01
1665,PVBC,PROVIDENT BANCORP INC,0.01
1666,PCYO,PURE CYCLE CORP,0.01
1667,ATNI,ATN INTERNATIONAL INC,0.01
1668,GAMB,GAMBLING COM GROUP LTD,0.01
1669,FBLA,FB BANCORP INC,0.01
1670,PAL,PROFICIENT AUTO LOGISTICS INC,0.01
1671,RHLD,RESOLUTE HOLDINGS MANAGEMENT INC,0.01
1672,RGP,RESOURCES CONNECTION INC,0.01
1673,GCBC,GREENE COUNTY BANCORP INC,0.01
1674,NRC,NATIONAL RESEARCH CORP,0.01
1675,KINS,KINGSTONE COMPANIES INC,0.01
1676,MNPR,MONOPAR THERAPEUTICS INC,0.01
1677,USCB,USCB FINANCIAL HOLDINGS INC CLASS,0.01
1678,SCPH,SCPHARMACEUTICALS INC,0.01
1679,BRT,BRT APARTMENTS CORP,0.01
1680,NXDT,NEXPOINT DIVERSIFIED REAL ESTATE T,0.01
1681,MFIN,MEDALLION FINANCIAL CORP,0.01
1682,WOW,WIDEOPENWEST INC,0.01
1683,ONTF,ON24 INC,0.01
1684,TE,T1 ENERGY INC,0.01
1685,CFFI,C AND F FINANCIAL CORP,0.01
1686,FTK,FLOTEK INDUSTRIES INC,0.01
1687,FRGE,FORGE GLOBAL HOLDINGS INC,0.01
1688,CTGO,CONTANGO ORE INC,0.01
1689,ATLO,AMES NATIONAL CORP,0.01
1690,TTSH,TILE SHOP HOLDINGS INC,0.01
1691,BPRN,PRINCETON BANCORP INC,0.01
1692,NKSH,NATIONAL BANKSHARES INC,0.01
1693,PACK,RANPAK HOLDINGS CORP CLASS A,0.01
1694,LVWR,LIVEWIRE GROUP INC,0.01
1695,VABK,VIRGINIA NATIONAL BANKSHARES CORP,0.01
1696,ONEW,ONEWATER MARINE CLASS A INC,0.01
1697,WEYS,WEYCO GROUP INC,0.01
1698,PRTH,PRIORITY TECHNOLOGY HOLDINGS INC,0.01
1699,TRUE,TRUECAR INC,0.01
1700,YMAB,Y MABS THERAPEUTICS INC,0.01
1701,FNKO,FUNKO INC CLASS A,0.01
1702,BOOM,DMC GLOBAL INC,0.01
1703,HAIN,HAIN CELESTIAL GROUP INC,0.01
1704,TLS,TELOS CORPORATION CORP,0.01
1705,TRDA,ENTRADA THERAPEUTICS INC,0.01
1706,MDWD,MEDIWOUND LTD,0.01
1707,QUAD,QUAD GRAPHICS INC CLASS A,0.01
1708,PINE,ALPINE INCOME PROPERTY TRUST INC,0.01
1709,ULH,UNIVERSAL LOGISTICS INC,0.01
1710,SLS,SELLAS LIFE SCIENCES GROUP INC,0.01
1711,KLTR,KALTURA INC,0.01
1712,WTI,W AND T OFFSHORE INC,0.01
1713,ARQ,ARQ INC,0.01
1714,III,INFORMATION SERVICES GROUP INC,0.01
1715,MAZE,MAZE THERAPEUTICS INC,0.01
1716,HPK,HIGHPEAK ENERGY INC,0.01
1717,SAMG,SILVERCREST ASSET MANAGEMENT GROUP,0.01
1718,PANL,PANGAEA LOGISTICS SOLUTIONS LTD,0.01
1719,LRMR,LARIMAR THERAPEUTICS INC,0.01
1720,LE,LAND END INC,0.01
1721,RCEL,AVITA MEDICAL INC,0.01
1722,RCKY,ROCKY BRANDS INC,0.01
1723,ADV,ADVANTAGE SOLUTIONS INC CLASS A,0.01
1724,ALTI,ALTI GLOBAL INC CLASS A,0.01
1725,STIM,NEURONETICS INC,0.01
1726,FEIM,FREQUENCY ELECTRONICS INC,0.01
1727,ALTG,ALTA EQUIPMENT GROUP INC CLASS A,0.01
1728,NB,NIOCORP DEVELOPMENTS LTD,0.01
1729,MED,MEDIFAST INC,0.01
1730,ESSA,ESSA BANCORP INC,0.01
1731,BHR,BRAEMAR HOTELS RESORTS INC,0.01
1732,VUZI,VUZIX CORP,0.01
1733,INGN,INOGEN INC,0.01
1734,MNTK,MONTAUK RENEWABLES INC,0.01
1735,DH,DEFINITIVE HEALTHCARE CORP CLASS A,0.01
1736,CCRD,CORECARD CORP,0.01
1737,BNTC,BENITEC BIOPHARMA INC,0.01
1738,CTRN,CITI TRENDS INC,0.01
1739,CRGX,CARGO THERAPEUTICS INC,0.01
1740,ATOM,ATOMERA INC,0.01
1741,CDZI,CADIZ INC,0.01
1742,JOUT,JOHNSON OUTDOORS INC CLASS A,0.01
1743,BCBP,BCB BANCORP INC,0.01
1744,PKOH,PARK OHIO HOLDINGS CORP,0.01
1745,RMAX,RE MAX HOLDINGS INC CLASS A,0.01
1746,SEG,SEAPORT ENTERTAINMENT GROUP INC,0.01
1747,PEBK,PEOPLES BANCORP OF NORTH CAROLINA,0.01
1748,LAZR,LUMINAR TECHNOLOGIES INC CLASS A,0.01
1749,EWCZ,EUROPEAN WAX CENTER INC CLASS A,0.01
1750,PBYI,PUMA BIOTECHNOLOGY INC,0.01
1751,TCX,TUCOWS INC,0.01
1752,JYNT,JOINT CORP,0.01
1753,FLXS,FLEXSTEEL INDUSTRIES INC,0.01
1754,ENTA,ENANTA PHARMACEUTICALS INC,0.01
1755,OPOF,OLD POINT FINANCIAL CORP,0.01
1756,SEVN,SEVEN HILLS REALTY TRUST,0.01
1757,FSP,FRANKLIN STREET PROPERTIES REIT CO,0.01
1758,RSVR,RESERVOIR MEDIA INC,0.01
1759,BBCP,CONCRETE PUMPING HOLDINGS INC,0.01
1760,VYGR,VOYAGER THERAPEUTICS INC,0.01
1761,CURI,CURIOSITYSTREAM INC CLASS A,0.01
1762,FLWS,1-800 FLOWERS.COM INC CLASS A,0.01
1763,CMT,CORE MOLDING TECHNOLOGIES INC,0.01
1764,LNKB,LINKBANCORP INC,0.01
1765,ARAY,ACCURAY INC,0.01
1766,MG,MISTRAS GROUP INC,0.01
1767,DCGO,DOCGO INC,0.01
1768,ANIK,ANIKA THERAPEUTICS INC,0.01
1769,SGC,SUPERIOR GROUP OF COMPANIES INC,0.01
1770,SGHT,SIGHT SCIENCES INC,0.01
1771,CRML,CRITICAL METALS CORP,0.01
1772,NPB,NORTHPOINTE BANCSHARES INC,0.01
1773,EVC,ENTRAVISION COMMUNICATIONS CORP CL,0.01
1774,NC,NACCO INDUSTRIES INC CLASS A,0.01
1775,PWOD,PENNS WOODS BANCORP INC,0.01
1776,RR,RICHTECH ROBOTICS INC CLASS B,0.01
1777,RGCO,RGC RESOURCES INC,0.01
1778,LZM,LIFEZONE METALS LTD,0.01
1779,ACTU,ACTUATE THERAPEUTICS INC,0.0
1780,TVGN,TEVOGEN BIO HOLDINGS INC,0.0
1781,BEEP,MOBILE INFRASTRUCTURE CORP,0.0
1782,VRM,VROOM INC,0.0
1783,ARL,AMERICAN REALTY INVESTORS INC,0.0
1784,AFRI,FORAFRIC GLOBAL PLC,0.0
1785,NXXT,NEXTNRG INC,0.0
1786,VGAS,VERDE CLEAN FUELS INC CLASS A,0.0
1787,ZSPC,ZSPACE,0.0
1788,ADRO,CHINOOK THERAPEUTICS INC,0.0
1789,ADRO,CHINOOK THERAPEUTICS INC CVR,0.0
1790,WLLBW,CHORD ENERGY EQUITY WARRANTS SERIE,0.0
1791,GTXI,GTXI INC - CVR,0.0
1792,PDLI,PDL BIOPHARMA INC,0.0
1793,P5N994,Petrocorp Inc Escrow,0.0
1794,SBT,STERLING BANCORP INC,0.0
1795,CFBK,CF BANKSHARES INC,0.0
1796,MFH,MERCURITY FINTECH HOLDING INC,0.0
1797,UNB,UNION BANKSHARES INC,0.0
1798,VHI,VALHI INC,0.0
1799,ECBK,ECB BANCORP INC,0.0
1800,INMB,INMUNE BIO INC,0.0
1801,SKIL,SKILLSOFT CORP CLASS A,0.0
1802,SFBC,SOUND FINANCIAL BANCORP INC,0.0
1803,HURA,TUHURA BIOSCIENCES INC,0.0
1804,HQI,HIREQUEST INC,0.0
1805,CIX,COMPX INTERNATIONAL INC CLASS A,0.0
1806,SBC,SBC MEDICAL GROUP HOLDINGS INC,0.0
1807,SVCO,SILVACO GROUP INC,0.0
1808,GMGI,GOLDEN MATRIX GROUP INC,0.0
1809,RBKB,RHINEBECK BANCORP INC,0.0
1810,FTLF,FITLIFE BRANDS INC,0.0
1811,AARD,AARDVARK THERAPEUTICS INC,0.0
1812,MKTW,MARKETWISE INC CLASS A,0.0
1813,GAIA,GAIA INC CLASS A,0.0
1814,FNWD,FINWARD BANCORP,0.0
1815,BFIN,BANKFINANCIAL CORP,0.0
1816,LFT,LUMENT FINANCE TRUST INC,0.0
1817,OPAL,OPAL FUELS INC CLASS A,0.0
1818,INH,INHIBRX INC CVR,0.0
1819,ILLR,TRILLER GROUP INC,0.0
1820,CBNA,CHAIN BRIDGE BANCORP INC CLASS A,0.0
1821,SWKH,SWK HOLDINGS CORP,0.0
1822,SLND,SOUTHLAND HOLDINGS INC,0.0
1823,TLSI,TRISALUS LF SC CM A,0.0
1824,VALU,VALUE LINE INC,0.0
1825,GOCO,GOHEALTH INC CLASS A,0.0
1826,UBFO,UNITED SECURITY BANCSHARES,0.0
1827,SNDA,SONIDA SENIOR LIVING INC,0.0
1828,FORR,FORRESTER RESEARCH INC,0.0
1829,LAKE,LAKELAND INDUSTRIES INC,0.0
1830,UTMD,UTAH MEDICAL PRODUCTS INC,0.0
1831,BELFA,BEL FUSE INC CLASS A,0.0
1832,NREF,NEXPOINT REAL ESTATE FINANCE INC,0.0
1833,HBB,HAMILTON BEACH BRANDS HOLDING COMP,0.0
1834,SEAT,VIVID SEATS INC CLASS A,0.0
1835,GENC,GENCOR INDUSTRIES INC,0.0
1836,DSGN,DESIGN THERAPEUTICS INC,0.0
1837,SMHI,SEACOR MARINE HOLDINGS INC,0.0
1838,MLP,MAUI LAND AND PINEAPPLE INC,0.0
1839,WNEB,WESTERN NEW ENGLAND BANCORP INC,0.0
1840,RXT,RACKSPACE TECHNOLOGY INC,0.0
1841,ESOA,ENERGY SERVICES OF AMERICA CORP,0.0
1842,AISP,AIRSHIP AI HOLDINGS INC CLASS A,0.0
1843,ESCA,ESCALADE INC,0.0
1844,ACRS,ACLARIS THERAPEUTICS INC,0.0
1845,DBI,DESIGNER BRANDS INC CLASS A,0.0
1846,PMTS,CPI CARD GROUP INC,0.0
1847,BARK,BARK INC CLASS A,0.0
1848,STXS,STEREOTAXIS INC,0.0
1849,USAU,US GOLD CORP,0.0
1850,EXFY,EXPENSIFY INC CLASS A,0.0
1851,JILL,J JILL INC,0.0
1852,AOMR,ANGEL OAK MORTGAGE REIT INC,0.0
1853,EML,EASTERN,0.0
1854,ACTG,ACACIA RESEARCH CORP,0.0
1855,FRAF,FRANKLIN FINANCIAL SERVICES CORP,0.0
1856,FOA,FINANCE OF AMERICA COMPANIES INC C,0.0
1857,TEAD,TEADS HOLDING,0.0
1858,SSTI,SOUNDTHINKING INC,0.0
1859,LAW,CS DISCO INC,0.0
1860,TTEC,TTEC HOLDINGS INC,0.0
1861,BTMD,BIOTE CORP CLASS A,0.0
1862,POWW,OUTDOOR HOLDING,0.0
1863,BRCC,BRC INC CLASS A,0.0
1864,EVI,EVI INDUSTRIES INC,0.0
1865,HFFG,HF FOODS GROUP INC,0.0
1866,OPBK,OP BANCORP,0.0
1867,RELL,RICHARDSON ELECTRONICS LTD,0.0
1868,PDEX,PRO DEX INC,0.0
1869,KRRO,KORRO BIO INC,0.0
1870,NKTX,NKARTA INC,0.0
1871,EGAN,EGAIN CORP,0.0
1872,MPTI,M TRON INDUSTRIES INC,0.0
1873,SPWR,COMPLETE SOLARIA INC,0.0
1874,LNSR,LENSAR INC,0.0
1875,ZVIA,ZEVIA CLASS A,0.0
1876,SUNS,SUNRISE REALTY TRUST INC,0.0
1877,VOXR,VOX ROYALTY CORP,0.0
1878,BKTI,BK TECHNOLOGIES CORP,0.0
1879,STRS,STRATUS PROPERTIES INC,0.0
1880,BIOA,BIOAGE LABS INC,0.0
1881,MYPS,PLAYSTUDIOS INC CLASS A,0.0
1882,KG,KESTREL GROUP LTD,0.0
1883,OFLX,OMEGA FLEX INC,0.0
1884,ELMD,ELECTROMED INC,0.0
1885,DRUG,BRIGHT MINDS BIOSCIENCES INC,0.0
1886,FF,FUTUREFUEL CORP,0.0
1887,NRDY,NERDY INC CLASS A,0.0
1888,NODK,NI HOLDINGS INC,0.0
1889,NMAX,NEWSMAX INC CLASS B,0.0
1890,CHRS,COHERUS ONCOLOGY INC,0.0
1891,CLAR,CLARUS CORP,0.0
1892,AEYE,AUDIOEYE INC,0.0
1893,ACDC,PROFRAC HOLDING CLASS A CORP,0.0
1894,LFVN,LIFEVANTAGE CORP,0.0
1895,EHTH,EHEALTH INC,0.0
1896,FXNC,FIRST NATIONAL CORP,0.0
1897,HWBK,HAWTHORN BANCSHARES INC,0.0
1898,KRMD,KORU MEDICAL SYSTEMS INC,0.0
1899,NPWR,NET POWER INC CLASS A,0.0
1900,PNRG,PRIMEENERGY RESOURCES CORP,0.0
1901,SMTI,SANARA MEDTECH INC,0.0
1902,FCCO,FIRST COMMUNITY CORP,0.0
1903,DMAC,DIAMEDICA THERAPEUTICS INC,0.0
1904,GWRS,GLOBAL WATER RESOURCES INC,0.0
1905,PLX,PROTALIX BIOTHERAPEUTICS INC,0.0
1906,LXEO,LEXEO THERAPEUTICS INC,0.0
1907,GYRE,GYRE THERAPEUTICS INC,0.0
1908,EPSN,EPSILON ENERGY LTD,0.0
1909,AVD,AMER VANGUARD CORP,0.0
1910,TVRD,TVARDI THERAPEUTICS INC,0.0
1911,ACR,ACRES COMMERCIAL REALTY CORP,0.0
1912,TARA,PROTARA THERAPEUTICS INC,0.0
1913,VIRC,VIRCO MANUFACTURING CORP,0.0
1914,AFCG,ADVANCED FLOWER CAPITAL INC,0.0
1915,BVFL,BV FINANCIAL INC,0.0
1916,MNSB,MAINSTREET BANCSHARES INC,0.0
1917,TSE,TRINSEO PLC,0.0
1918,MDV,MODIV INDUSTRIAL INC CLASS C,0.0
1919,ACU,ACME UNITED CORP,0.0
1920,PAMT,PAMT CORP,0.0
1921,CBFV,CB FINANCIAL SERVICES INC,0.0
1922,NVCT,NUVECTIS PHARMA INC,0.0
1923,FSFG,FIRST SAVINGS FINANCIAL GROUP INC,0.0
1924,RCMT,RCM TECHNOLOGIES INC,0.0
1925,EFSI,EAGLE FINANCIAL SERVICES INC,0.0
1926,AIRS,AIRSCULPT TECHNOLOGIES INC,0.0
1927,CMDB,COSTAMARE BULKERS HOLDINGS LTD,0.0
1928,SNFCA,SECURITY NATIONAL FINANCIAL CORP C,0.0
1929,PROP,PRAIRIE OPERATING,0.0
1930,CPSS,CONSUMER PORTFOLIO SERVICES INC,0.0
1931,MRBK,MERIDIAN CORP,0.0
1932,INSG,INSEEGO CORP,0.0
1933,WALD,WALDENCAST PLC CLASS A,0.0
1934,MAPS,WM TECHNOLOGY INC CLASS A,0.0
1935,SRBK,SR BANCORP INC,0.0
1936,EEX,EMERALD HOLDING INC,0.0
1937,ACNT,ASCENT INDUSTRIES,0.0
1938,EBMT,EAGLE BANCORP MONTANA INC,0.0
1939,SBFG,SB FINANCIAL GROUP INC,0.0
1940,GLSI,GREENWICH LIFESCIENCES INC,0.0
1941,FINW,FINWISE BANCORP,0.0
1942,FCAP,FIRST CAPITAL INC,0.0
1943,LARK,LANDMARK BANCORP INC,0.0
1944,INNV,INNOVAGE HOLDING CORP,0.0
1945,LUCD,LUCID DIAGNOSTICS INC,0.0
1946,AOUT,AMERICAN OUTDOOR BRANDS INC,0.0
1947,RVSB,RIVERVIEW BANCORP INC,0.0
1948,AREN,ARENA GROUP HLDGS INC,0.0
1949,TZOO,TRAVELZOO,0.0
1950,IKT,INHIBIKASE THERAPEUTICS INC,0.0
1951,BSET,BASSETT FURNITURE INDUSTRIES INC,0.0
1952,CZWI,CITIZENS COMMUNITY BANCORP INC,0.0
1953,RMBI,RICHMOND MUTUAL BANCORPORATION INC,0.0
1954,COOK,TRAEGER INC,0.0
1955,CURV,TORRID HOLDINGS INC,0.0
1956,MYO,MYOMO INC,0.0
1957,EP,EMPIRE PETROLEUM CORP,0.0
1958,MPX,MARINE PRODUCTS CORP,0.0
1959,DERM,JOURNEY MEDICAL CORP,0.0
1960,PNBK,PATRIOT NATIONAL BANCORP INC,0.0
1961,CXDO,CREXENDO INC,0.0
1962,OVBC,OHIO VALLEY BANC CORP,0.0
1963,WHG,WESTWOOD HOLDINGS GROUP INC,0.0
1964,STRW,STRAWBERRY FIELDS REIT INC,0.0
1965,AIRJ,AIRJOULE TECHNOLOGIES CORP CLASS A,0.0
1966,BETR,BETTER HOME FINANCE HOLDING CLASS,0.0
1967,SLSN,SOLESENCE INC,0.0
1968,SNCR,SYNCHRONOSS TECHNOLOGIES INC,0.0
1969,BALY,BALLY S CORP,0.0
1970,FLYY,SPIRIT AVIATION HOLDINGS INC,0.0
1971,AVR,ANTERIS TECHNOLOGIES GLOBAL CORP,0.0
1972,TCI,TRANSCONTINENTAL REALTY INVESTORS,0.0
1973,TUSK,MAMMOTH ENERGY SERVICES INC,0.0
1974,RPT,RITHM PROPERTY INC TRUST,0.0
1975,ISPR,ISPIRE TECHNOLOGY INC,0.0
1976,CSPI,CSP INC,0.0
1977,HNVR,HANOVER BANCORP INC,0.0
1978,FRD,FRIEDMAN INDUSTRIES INC,0.0
1979,NL,NL INDUSTRIES INC,0.0
1980,TKNO,ALPHA TEKNOVA INC,0.0
1981,CLPR,CLIPPER REALTY INC,0.0
1982,SIEB,SIEBERT FINANCIAL CORP,0.0
1983,SKYX,SKYX PLATFORMS CORP,0.0
1984,RTYU5,RUSSELL 2000 EMINI CME SEP 25,0.0
